	CID	CanonicalSMILES	IUPACName	Fingerprint2D	Title
0	439983	CC(=O)CC(C(=O)O)N	(2R)-2-amino-4-oxopentanoic acid	"AAADccBiMAAAAAAAAAAAAAAAAAAAAAAAAAAAAAAAAAAAAAAAAAAAHgAQCAAACCzBgAQCCABAAgAI
AICQCAAAAAAAAAAAAIGAAAACABoAgAAAQAAEEAAAAACLAAAAAAAAAAAAAAAAAAAAAAAAAAAAAAAA
AA=="	2-Amino-4-oxopentanoate
0	439417	C(CC(CC(=O)O)N)CN	(3S)-3,6-diaminohexanoic acid	"AAADccBjMAAAAAAAAAAAAAAAAAAAAAAAAAAAAAAAAAAAAAAAAAAAHgAQCAAACCjBgAQACABAAgAI
AACQCAAAAAAAAAAAAIEAAAAAABoAgAAAQAAGEAAAAAGYSAAAAAAAAAAAAAAAAAAAAAAAAAAAAAAA
AA=="	(3S)-3,6-diaminohexanoic acid
0	90470676	CCCCCCCCCCCCCCCC(=O)OCC(COP(=O)(O)OCCN)OC(=O)CCCCCCCC=CCCCCCCCC	[(2R)-1-[2-aminoethoxy(hydroxy)phosphoryl]oxy-3-hexadecanoyloxypropan-2-yl] (E)-octadec-9-enoate	"AAADcfB+PAIAAAAAAAAAAAAAAAAAAAAAAAAAAAAAAAAAAAAAAAAAHgAQCCAACBThgAYCCABABRCI
QCDSCIAAAAAgAAAICIEAAAgDABIAAQACAAAFkAAKAAOIyKCAAAAAAAAAAAAAAAAAAAAAAAAAAAAA
AA=="	L-Alpha-phosphatidylethanolamine,beta-oleoyl-gamma-palmitoyl
0	75228679	CCCCCC=CCC=CCCCCCCCC(=O)OCC(COP(=O)([O-])OCC(COP(=O)([O-])OCC(COC(=O)CCCCCCCC=CCC=CCCCCC)OC(=O)CCCCCCCC=CCC=CCCCCC)O)OC(=O)CCCCCCCC=CCC=CCCCCC.[Na+].[Na+]	disodium;[3-[2,3-di(octadeca-9,12-dienoyloxy)propoxy-oxidophosphoryl]oxy-2-hydroxypropyl] 2,3-di(octadeca-9,12-dienoyloxy)propyl phosphate	"AAADcfB8PjMAAAAAAAAAAAAAAAAAAAAAAAAAAAAAAAAAAAAAAAAAGgAACCAACBSggAICCAAABxCI
QCDSCIAAAAAgAAAICAEAAAgBEBIAAQACAAAFgAALAAOIyKCAAAAAAAAAAAAAAAAAAAAAAAAAAAAA
AA=="	Cardiolipin
0	16486	C1CNC1C(=O)O	(2S)-azetidine-2-carboxylic acid	"AAADcYBiMAAAAAAAAAAAAAAAAABYAAAAAAAAAAAAAAAAAAAAAAAAHgAQCAAACCjBgAQACALAAgAI
AACQCAAAAAAAAAAAAIGIAAACABAAgCAAQAAEEACQAAAkAAAAAAAAAAAAAAAAAAAAAAAAAAAAAAAA
AA=="	(S)-Azetidine-2-carboxylic acid
0	193305	C(CC(C(=O)O)N)C=O	(2S)-2-amino-5-oxopentanoic acid	"AAADccBiMAAAAAAAAAAAAAAAAAAAAAAAAAAAAAAAAAAAAAAAAAAAHgAQCAAACCjhgAYACABAAgAI
AAiQiAAAAAAAAAAAAIGAAAACABIAgAAAQAAEEAAAAACMBgAAAAAAAAAAAAAAAAAAAAAAAAAAAAAA
AA=="	(2S)-2-amino-5-oxopentanoic acid
1	49791979	C(CC(C(=O)[O-])[NH3+])C=O	(2S)-2-azaniumyl-5-oxopentanoate	"AAADccBiMAAAAAAAAAAAAAAAAAAAAAAAAAAAAAAAAAAAAAAAAAAAHgAQAAAACCjhgAYACABAAAAI
AAiQiAAAAAAAAAAAAIGAAAACABIAgAAAAAAEEAAAAACMBgAAAAAAAAAAAAAAAAAAAAAAAAAAAAAA
AA=="	(2S)-2-ammonio-5-oxopentanoate
0	16486	C1CNC1C(=O)O	(2S)-azetidine-2-carboxylic acid	"AAADcYBiMAAAAAAAAAAAAAAAAABYAAAAAAAAAAAAAAAAAAAAAAAAHgAQCAAACCjBgAQACALAAgAI
AACQCAAAAAAAAAAAAIGIAAACABAAgCAAQAAEEACQAAAkAAAAAAAAAAAAAAAAAAAAAAAAAAAAAAAA
AA=="	(S)-Azetidine-2-carboxylic acid
1	5248351	C1C[NH2+]C1C(=O)[O-]	azetidin-1-ium-2-carboxylate	"AAADcYBiMAAAAAAAAAAAAAAAAABYAAAAAAAAAAAAAAAAAAAAAAAAHgAQAAAACCjBgAQACALAAAAI
AACQCAAAAAAAAAAAAIGIAAACABAAgCAAAAAEEACQAAAkAAAAAAAAAAAAAAAAAAAAAAAAAAAAAAAA
AA=="	Azetidinecarboxylic acid
0	69248	C1C(CNC1C(=O)O)O	(2S)-4-hydroxypyrrolidine-2-carboxylic acid	"AAADccBiMAAAAAAAAAAAAAAAAAAAAWAAAAAAAAAAAAAAAAAAAAAAHgAQCAAACDzhgAYACALAAgAI
AACQCAAAAAAAAAAAAIGIAAACEBIAgCAEQAAGEACQAADaEQAAAAAAAAAAAAAAAAAAAAAAAAAAAAAA
AA=="	4-Hydroxy-L-proline
1	5810	C1C(CNC1C(=O)O)O	(2S,4R)-4-hydroxypyrrolidine-2-carboxylic acid	"AAADccBiMAAAAAAAAAAAAAAAAAAAAWAAAAAAAAAAAAAAAAAAAAAAHgAQCAAACDzhgAYACALAAgAI
AACQCAAAAAAAAAAAAIGIAAACEBIAgCAEQAAGEACQAADaEQAAAAAAAAAAAAAAAAAAAAAAAAAAAAAA
AA=="	Hydroxyproline
0	193305	C(CC(C(=O)O)N)C=O	(2S)-2-amino-5-oxopentanoic acid	"AAADccBiMAAAAAAAAAAAAAAAAAAAAAAAAAAAAAAAAAAAAAAAAAAAHgAQCAAACCjhgAYACABAAgAI
AAiQiAAAAAAAAAAAAIGAAAACABIAgAAAQAAEEAAAAACMBgAAAAAAAAAAAAAAAAAAAAAAAAAAAAAA
AA=="	(2S)-2-amino-5-oxopentanoic acid
0	93192	C1C(CN1)C(=O)O	azetidine-3-carboxylic acid	"AAADcYBiMAAAAAAAAAAAAAAAAABYAAAAAAAAAAAAAAAAAAAAAAAAHgAQCAAADQDBgAQACALAAgAI
AACQCAAAAAAAAAAAAIEIAAAAAAgAAAAEQAACEAAAAAAAAAAAAAAAAAAAAAAAAAAAAAAAAAAAAAAA
AA=="	3-Azetidinecarboxylic acid
0	16547	CC(=O)C1=C(C(=C(C=C1O)O)C(=O)C)O	1-(3-acetyl-2,4,6-trihydroxyphenyl)ethanone	"AAADccBwOAAAAAAAAAAAAAAAAAAAAAAAAAAwAAAAAAAAAAABAAAAGgAACAAADASAmAAyBoAAAgCI
AqBSAAACAAAkIAAAiAEGCMgIJzaCFBKAcUAl4BUImQeI7uTuIAACCAAIAABAAAQQABAAAAAAAAAA
AA=="	2,4-Diacetylphloroglucinol
0	126843494	C(C1C(C(C(C(O1)OCC2C(C(C(C(O2)OC(CO)C(=O)[O-])O)O)O)O)O)O)O	(2R)-3-hydroxy-2-[(2R,3R,4S,5S,6R)-3,4,5-trihydroxy-6-[[(2S,3R,4S,5S,6R)-3,4,5-trihydroxy-6-(hydroxymethyl)oxan-2-yl]oxymethyl]oxan-2-yl]oxypropanoate	"AAADceBwPAAAAAAAAAAAAAAAAAAAAAAAAAAkSAAAAAAAAAAAAAAAGgAACAAACBSwgAMACAAABgAI
AACQCAIAAAAAAAAAAAFAAAAREAYAAAQiQAAFIAAHAAHAYAwAAAAAAAAAAAAAAAAAAAAAAAAAAAAA
AA=="	2-O-[alpha-D-glucopyranosyl-(1->6)-alpha-D-glucopyranosyl]-D-glycerate
1	44512558	C(C1C(C(C(C(O1)OCC2C(C(C(C(O2)OC(CO)C(=O)O)O)O)O)O)O)O)O	(2R)-3-hydroxy-2-[(2R,3R,4S,5S,6R)-3,4,5-trihydroxy-6-[[(2S,3R,4S,5S,6R)-3,4,5-trihydroxy-6-(hydroxymethyl)oxan-2-yl]oxymethyl]oxan-2-yl]oxypropanoic acid	"AAADceBwPAAAAAAAAAAAAAAAAAAAAAAAAAAkSAAAAAAAAAAAAAAAGgAACAAACBSwgAMACAAABgAI
AACQCAIAAAAAAAAAAAFAAAAREAYAAAQiQAAFIAAHAAHAYAwAAAAAAAAAAAAAAAAAAAAAAAAAAAAA
AA=="	Diglucosylglyceric acid
0	14647151	CCCCCCCCCCCCCCCC(=O)OP(=O)(O)O	phosphono hexadecanoate	"AAADcfB4OAIAAAAAAAAAAAAAAAAAAAAAAAAAAAAAAAAAAAAAAAAAGgAACCAACACAgAACCAAAARAI
QACQCIAAAAAAAAAAAAEAAAAAABIAAAAAAAAEAAAAAAGIyKCAAAAAAAAAAAAAAAAAAAAAAAAAAAAA
AA=="	Palmitoyl phosphate
1	91820292	CCCCCCCCCCCCCCCC(=O)OP(=O)([O-])[O-]	hexadecanoyl phosphate	"AAADceB4OAIAAAAAAAAAAAAAAAAAAAAAAAAAAAAAAAAAAAAAAAAAGgAAACAACACAgAACCAAAARAI
QACQCIAAAAAAAAAAAAEAAAAAABIAAAAAAAAEAAAAAAGIyKCAAAAAAAAAAAAAAAAAAAAAAAAAAAAA
AA=="	Hexadecanoyl phosphate
0	14647151	CCCCCCCCCCCCCCCC(=O)OP(=O)(O)O	phosphono hexadecanoate	"AAADcfB4OAIAAAAAAAAAAAAAAAAAAAAAAAAAAAAAAAAAAAAAAAAAGgAACCAACACAgAACCAAAARAI
QACQCIAAAAAAAAAAAAEAAAAAABIAAAAAAAAEAAAAAAGIyKCAAAAAAAAAAAAAAAAAAAAAAAAAAAAA
AA=="	Palmitoyl phosphate
1	91820292	CCCCCCCCCCCCCCCC(=O)OP(=O)([O-])[O-]	hexadecanoyl phosphate	"AAADceB4OAIAAAAAAAAAAAAAAAAAAAAAAAAAAAAAAAAAAAAAAAAAGgAAACAACACAgAACCAAAARAI
QACQCIAAAAAAAAAAAAEAAAAAABIAAAAAAAAEAAAAAAGIyKCAAAAAAAAAAAAAAAAAAAAAAAAAAAAA
AA=="	Hexadecanoyl phosphate
0	7081529	CC([NH3+])P(=O)([O-])[O-]	[(1S)-1-phosphonatoethyl]azanium	"AAADcYBCMAIAAAAAAAAAAAAAAAAAAAAAAAAAAAAAAAAAAAAAAAAAHAgQACAAAADJAAQCAABAABAA
QAAAAIAAAAAAAAAAAIAAAAAAAAAAAAAAAAAAEAAAAAAAAAAAAAAAAAAAAAAAAAAAAAAAAAAAAAAA
AA=="	(S)-1-aminoethylphosphonate
0	14017	C(N)P(=O)(O)O	aminomethylphosphonic acid	"AAADcYACMAIAAAAAAAAAAAAAAAAAAAAAAAAAAAAAAAAAAAAAAAAAFAgQCCAAAAAAAAQAAABAABAA
QAAAAIAAAAAAAAAAAIAAAAAAAAAAAAAAAAAAAAAAAAAAAAAAAAAAAAAAAAAAAAAAAAAAAAAAAAAA
AA=="	(Aminomethyl)phosphonic acid
1	25203092	C([NH3+])P(=O)([O-])[O-]	phosphonatomethylazanium	"AAADcYACMAIAAAAAAAAAAAAAAAAAAAAAAAAAAAAAAAAAAAAAAAAAFAgQACAAAAAAAAQAAABAABAA
QAAAAIAAAAAAAAAAAIAAAAAAAAAAAAAAAAAAAAAAAAAAAAAAAAAAAAAAAAAAAAAAAAAAAAAAAAAA
AA=="	Aminomethylphosphonate
0	181769	CC(N)P(=O)(O)O	[(1S)-1-aminoethyl]phosphonic acid	"AAADccBCMAIAAAAAAAAAAAAAAAAAAAAAAAAAAAAAAAAAAAAAAAAAHAgQCCAAAADJAAQCAABAABAA
QAAAAIAAAAAAAAAAAIAAAAAAAAAAAAAAAAAAEAAAAAAAAAAAAAAAAAAAAAAAAAAAAAAAAAAAAAAA
AA=="	(s)-1-Aminoethylphosphonic acid
0	107812	C(CS(=O)O)N	2-aminoethanesulfinic acid	"AAADcYBCMABAAAAAAAAAAAAAAAAAAAAAAAAAAAAAAAAAAAAAAAAAHAQQCAAAAADFQASAAABAAIIA
AAAAAGBAAAAAAAAAAIAAAAAAAAAAAAAAAAAAEAAAAAAAAAAAAAAAAAAAAAAAAAAAAAAAAAAAAAAA
AA=="	Hypotaurine
0	1123	C(CS(=O)(=O)O)N	2-aminoethanesulfonic acid	"AAADcYBCMABAAAAAAAAAAAAAAAAAAAAAAAAAAAAAAAAAAAAAAAAAHAQQCAAAAADFQASAAABAAIIA
AAAAAHBAAAAAAAAAAIAAAAAAAAAAAAAAAAAAEAAAAAAAAAAAAAAAAAAAAAAAAAAAAAAAAAAAAAAA
AA=="	Taurine
0	339	C(CP(=O)(O)O)N	2-aminoethylphosphonic acid	"AAADccBCMAIAAAAAAAAAAAAAAAAAAAAAAAAAAAAAAAAAAAAAAAAAHAgQCCAAAADJAAQAAABAABAA
QAAAAIAAAAAAAAAAAIAAAAAAAAAAAAAAAAAAEAAAAAAAAAAAAAAAAAAAAAAAAAAAAAAAAAAAAAAA
AA=="	(2-Aminoethyl)phosphonic acid
0	1726	C(CCP(=O)(O)O)CN	4-aminobutylphosphonic acid	"AAADccBiMAIAAAAAAAAAAAAAAAAAAAAAAAAAAAAAAAAAAAAAAAAAHAgQCCAACADJAAQAAABAABAA
QAAAAIAAAAAAAAAAAIAAAAAAAAAAgAAAAAAAEAAAAAAAAAAAAAAAAAAAAAAAAAAAAAAAAAAAAAAA
AA=="	4-Aminobutylphosphonic acid
0	80080	CCCCCCC(C)O	(2R)-octan-2-ol	"AAADceBwIAAAAAAAAAAAAAAAAAAAAAAAAAAAAAAAAAAAAAAAAAAAGgAACAAACBSggAICAAAAAgAA
AAAAAAAAAAAAAAAAAAAAAAAAEAIAAAAAQAAEAAAAAAGAwKAAAAAAAAAAAAAAAAAAAAAAAAAAAAAA
AA=="	(R)-(-)-2-Octanol
0	8174	CCCCCCCCCCO	decan-1-ol	"AAADceBwIAAAAAAAAAAAAAAAAAAAAAAAAAAAAAAAAAAAAAAAAAAAGgAACAAACACggAICAAAAAgAA
AAAAAAAAAAAAAAAAAAAAAAAAEAIAAAAAQAAEAAAAAAGAwKAAAAAAAAAAAAAAAAAAAAAAAAAAAAAA
AA=="	1-Decanol
0	25045	CCCCCCCCCCC(C)O	dodecan-2-ol	"AAADceBwIAAAAAAAAAAAAAAAAAAAAAAAAAAAAAAAAAAAAAAAAAAAGgAACAAACBSggAICAAAAAgAA
AAAAAAAAAAAAAAAAAAAAAAAAEAIAAAAAQAAEAAAAAAGAwKAAAAAAAAAAAAAAAAAAAAAAAAAAAAAA
AA=="	2-Dodecanol
0	957	CCCCCCCCO	octan-1-ol	"AAADceBwIAAAAAAAAAAAAAAAAAAAAAAAAAAAAAAAAAAAAAAAAAAAGgAACAAACACggAICAAAAAgAA
AAAAAAAAAAAAAAAAAAAAAAAAEAIAAAAAQAAEAAAAAAGAwKAAAAAAAAAAAAAAAAAAAAAAAAAAAAAA
AA=="	1-Octanol
0	6538274	CCCCCCCCC=CCCCCCCCC(=O)SCCNC(=O)CCNC(=O)C(C(C)(C)COP(=O)(O)OP(=O)(O)OCC1C(C(C(O1)N2C=NC3=C(N=CN=C32)N)O)OP(=O)(O)O)O	S-[2-[3-[[(2R)-4-[[[(2R,3S,4R,5R)-5-(6-aminopurin-9-yl)-4-hydroxy-3-phosphonooxyoxolan-2-yl]methoxy-hydroxyphosphoryl]oxy-hydroxyphosphoryl]oxy-2-hydroxy-3,3-dimethylbutanoyl]amino]propanoylamino]ethyl] (E)-octadec-9-enethioate	"AAADcfB/vgNAAAAAAAAAAAAAAAAAAWJAAAAsAAAAAAAAAFgB+AAAHgQQCCAADhzl1waH8L/MFxio
QSdzdIKAgC0xELAJWKFoVBiDWBpgyUAeRAgPlgL7ACP6uIKJAAAAAAAAAAAAAAAAAAAAAAAAAAAA
AA=="	trans-9-octadecenoyl-CoA
1	25244920	CCCCCCCCC=CCCCCCCCC(=O)SCCNC(=O)CCNC(=O)C(C(C)(C)COP(=O)([O-])OP(=O)([O-])OCC1C(C(C(O1)N2C=NC3=C(N=CN=C32)N)O)OP(=O)([O-])[O-])O	[(2R,3S,4R,5R)-5-(6-aminopurin-9-yl)-4-hydroxy-2-[[[[(3R)-3-hydroxy-2,2-dimethyl-4-[[3-[2-[(E)-octadec-9-enoyl]sulfanylethylamino]-3-oxopropyl]amino]-4-oxobutoxy]-oxidophosphoryl]oxy-oxidophosphoryl]oxymethyl]oxolan-3-yl] phosphate	"AAADcfB/vgNAAAAAAAAAAAAAAAAAAWJAAAAsAAAAAAAAAFgB+AAAHgQQCCAADhzl1waH8L/MFxio
QSdzdIKAgC0xELAJWKFoVBiDWBpgyUAeRAgPlgL7ACP6uIKJAAAAAAAAAAAAAAAAAAAAAAAAAAAA
AA=="	trans-9-octadecenoyl-CoA(4-)
0	86278053	C[N+]12CCC3=CC4=C(C(=C3C1C(C5=C(C2)C(=C(C=C5)OC)OC)O)O)OCO4	(1R,21S)-16,17-dimethoxy-13-methyl-5,7-dioxa-13-azoniapentacyclo[11.8.0.02,10.04,8.015,20]henicosa-2,4(8),9,15(20),16,18-hexaene-3,21-diol	"AAADceB6OAAAAAAAAAAAAAAAAAAAASAAAAA8eIEAAAAAAEixQAAAHgAACAAADDzhmAcyDoMABgCA
AiBCAACCCAAgIAAIiAAOjIgfNyKGsRukcCtnwBWfuAfw8P8OoAABCAAYQABAAAIQADCAAAAAAAAA
AA=="	(13S,14R)-1,13-Dihydroxy-N-methylcanadine
0	46878583	C(C1C(C(C(C(O1)OC2C(C(C(C(O2)CO)O)O)OS(=O)(=O)[O-])O)O)O)O	[(2R,3R,4S,5S,6R)-4,5-dihydroxy-6-(hydroxymethyl)-2-[(2R,3R,4S,5S,6R)-3,4,5-trihydroxy-6-(hydroxymethyl)oxan-2-yl]oxyoxan-3-yl] sulfate	"AAADceBwPABAAAAAAAAAAAAAAAAAAAAAAAAkSAAAAAAAAAAAAAAAGgAACAAACBSwgAMACAAABgAA
AAAAADAAAAAAAAAAAAAAAAAREAIAAAAiQAAFAAAHAAHAYAwAAAAAAAAAAAAAAAAAAAAAAAAAAAAA
AA=="	alpha,alpha-Trehalose-2-sulfate(1-)
0	137333850	CC(C)(COP(=O)([O-])OP(=O)([O-])OCC1C(C(C(O1)N2C=NC3=C(N=CN=C32)N)O)OP(=O)([O-])[O-])C(C(=O)NCCC(=O)NCCSC(=O)C4=CC=C(C=C4)[N+](=O)[O-])O	[(2R,3S,4R,5R)-5-(6-aminopurin-9-yl)-4-hydroxy-2-[[[[(3R)-3-hydroxy-2,2-dimethyl-4-[[3-[2-(4-nitrobenzoyl)sulfanylethylamino]-3-oxopropyl]amino]-4-oxobutoxy]-oxidophosphoryl]oxy-oxidophosphoryl]oxymethyl]oxolan-3-yl] phosphate	"AAADcfB7/gNAAAAAAAAAAAAAAAAAAWJAAAA8QAAAAAAAAFgB/AAAHgQUCCAADhzl3wa38L/cVxip
Qydzd4KCgC01ErAp2KFodNqLeDrg3dGeZQhvlgL7yaf6uQKfCAAAAAAAAAAQAAAAAAAAAAAAAAAA
AA=="	4-nitrobenzoyl-CoA
0	892	C1(C(C(C(C(C1O)O)O)O)O)O	cyclohexane-1,2,3,4,5,6-hexol	"AAADccBgOAAAAAAAAAAAAAAAAAAAAAAAAAAwAAAAAAAAAAAAAAAAGgAACAAACBSggAIAAAAAAgAA
AAAAAAAAAAAAAAAAAAAAAAABEAIAAAAAQAAFAAABAAHAYAQAAAAAAAAAAAACAAAQAACAAAAAAAAA
AA=="	Inositol
0	2011	CC(=O)C1=C[N+](=CC=C1)C2C(C(C(O2)COP(=O)(O)OP(=O)(O)OCC3C(C(C(O3)N4C=NC5=C(N=CN=C54)N)O)O)O)O	[[5-(3-acetylpyridin-1-ium-1-yl)-3,4-dihydroxyoxolan-2-yl]methoxy-hydroxyphosphoryl] [5-(6-aminopurin-9-yl)-3,4-dihydroxyoxolan-2-yl]methyl hydrogen phosphate	"AAADceB7vAMAAAAAAAAAAAAAAAAAAWJEgAAsWAAAAAAAAFgB/gAAHgAQCCAADBzhnwY/8L9MFxCo
Q7Z3ZICCgC01EqAJ2CE4dNiLePrA3dGeZYhvgALbyef4MQIOAAAAAAAAAAAAAAAAAAAAAAAAAAAA
AA=="	AcPyAD
1	123926	CC(=O)C1=C[N+](=CC=C1)C2C(C(C(O2)COP(=O)([O-])OP(=O)(O)OCC3C(C(C(O3)N4C=NC5=C(N=CN=C54)N)O)O)O)O	[(2R,3S,4R,5R)-5-(3-acetylpyridin-1-ium-1-yl)-3,4-dihydroxyoxolan-2-yl]methyl [[(2R,3S,4R,5R)-5-(6-aminopurin-9-yl)-3,4-dihydroxyoxolan-2-yl]methoxy-hydroxyphosphoryl] phosphate	"AAADceB7vAMAAAAAAAAAAAAAAAAAAWJEgAAsWAAAAAAAAFgB/gAAHgAQCCAADBzhnwY/8L9MFxCo
Q7Z3ZICCgC01EqAJ2CE4dNiLePrA3dGeZYhvgALbyef4MQIOAAAAAAAAAAAAAAAAAAAAAAAAAAAA
AA=="	3-Acetylpyridine adenine dinucleotide
0	70684	C(C(=O)C(=O)O)Br	3-bromo-2-oxopropanoic acid	"AAADcQBAMAAAEAAAAAAAAAAAAAAAAAAAAAAAAAAAAAAAAAAAAAAAGgBACAABSASAgAAACAAAAgAI
AICQCAIAAAAAAAAAAAFAACAgAAAAAAAAQAAAAAAAAAAAAAAAAAAAAAAAAAAAAAAAAAAAAAAAAAAA
AA=="	3-Bromopyruvic acid
1	6994776	C(C(=O)C(=O)[O-])Br	3-bromo-2-oxopropanoate	"AAADcQBAMAAAEAAAAAAAAAAAAAAAAAAAAAAAAAAAAAAAAAAAAAAAGgBAAAABSASAgAAACAAAAAAI
AICQCAIAAAAAAAAAAAFAACAgAAAAAAAAAAAAAAAAAAAAAAAAAAAAAAAAAAAAAAAAAAAAAAAAAAAA
AA=="	3-Bromopyruvate
0	439294	C1(C(C(C(=O)C(C1O)O)O)O)O	(2R,3S,5R,6S)-2,3,4,5,6-pentahydroxycyclohexan-1-one	"AAADccBgOAAAAAAAAAAAAAAAAAAAAAAAAAAwAAAAAAAAAAAAAAAAGgAACAAACBSggAIAAAAAAgAI
AIAQAAIAAAAAAAAAAAFAAAABEBYAAAAAQAAFIAABAAHKbARAAAAAAAAAAAACAAAQAACAAAAAAAAA
AA=="	2,4,6/3,5-Pentahydroxycyclohexanone
0	7860	C(=O)C=O	oxaldehyde	"AAADcQBAMAAAAAAAAAAAAAAAAAAAAAAAAAAAAAAAAAAAAAAAAAAAGgAAAAAAAACggAIAAAAAAAAI
AAgQgAAAAAAAAAAAAAAAAAAAAAAAAAAAAAAAAAAAAAAAAAAAAAAAAAAAAAAAAAAAAAAAAAAAAAAA
AA=="	Glyoxal
0	86289124	C(C(C=O)O)S(=O)(=O)O	2-hydroxy-3-oxopropane-1-sulfonic acid	"AAADcYBAOABAAAAAAAAAAAAAAAAAAAAAAAAAAAAAAAAAAAAAAAAAGgQACAAACBSkwAKAAAAAAoII
AAgQgHJAAAAAAAAAAAFAAAAAEAAAAAAAAAAAAAAAAAAAAAAAAAAAAAAAAAAAAAAAAAAAAAAAAAAA
AA=="	3-Sulfolactaldehyde
0	45479474	C(C(C(=O)[O-])O)S(=O)(=O)[O-]	(2S)-2-hydroxy-3-sulfonatopropanoate	"AAADcYBAOABAAAAAAAAAAAAAAAAAAAAAAAAAAAAAAAAAAAAAAAAAGgQACAAACBSkwAKACAAAAgII
AACQCHJAAAAAAAAAAAFAAAABEAAAAAAAAAAAAAABAAAAAAAAAAAAAAAAAAAAAAAAAAAAAAAAAAAA
AA=="	(2S)-3-sulfolactate
0	6857417	C(C(C(C(C(C(=O)O)O)O)O)O)O	(2S,3S,4R,5S)-2,3,4,5,6-pentahydroxyhexanoic acid	"AAADccBgOAAAAAAAAAAAAAAAAAAAAAAAAAAAAAAAAAAAAAAAAAAAGgAACAAACBSggAIACAAAAgAI
AACQCAIAAAAAAAAAAAFAAAABEBYAAAAAQAAFIAABAAHKbARAAAAAAAAAAAAAAAAAAAAAAAAAAAAA
AA=="	L-Gulonic acid
1	6857680	C(C(C(C(C(C(=O)[O-])O)O)O)O)O	(2S,3S,4R,5S)-2,3,4,5,6-pentahydroxyhexanoate	"AAADccBgOAAAAAAAAAAAAAAAAAAAAAAAAAAAAAAAAAAAAAAAAAAAGgAACAAACBSggAIACAAAAgAI
AACQCAIAAAAAAAAAAAFAAAABEBYAAAAAQAAFIAABAAHKbARAAAAAAAAAAAAAAAAAAAAAAAAAAAAA
AA=="	L-gulonate
0	44229140	C(C(C(C(C(C(=O)[O-])O)O)O)O)O	(2S,3R,4R,5S)-2,3,4,5,6-pentahydroxyhexanoate	"AAADccBgOAAAAAAAAAAAAAAAAAAAAAAAAAAAAAAAAAAAAAAAAAAAGgAACAAACBSggAIACAAAAgAI
AACQCAIAAAAAAAAAAAFAAAABEBYAAAAAQAAFIAABAAHKbARAAAAAAAAAAAAAAAAAAAAAAAAAAAAA
AA=="	L-Galactonate
0	6326776	C(C(C(=O)O)O)O	(2S)-2,3-dihydroxypropanoic acid	"AAADcYBAOAAAAAAAAAAAAAAAAAAAAAAAAAAAAAAAAAAAAAAAAAAAGgAACAAACBSggAIACAAAAgAI
AACQCAIAAAAAAAAAAAFAAAABEAQAAAAAQAABIAABAAAAAAAAAAAAAAAAAAAAAAAAAAAAAAAAAAAA
AA=="	(2S)-2,3-dihydroxypropanoic acid
0	11217234	CC(CO)C(=O)O	(2R)-3-hydroxy-2-methylpropanoic acid	"AAADccBgMAAAAAAAAAAAAAAAAAAAAAAAAAAAAAAAAAAAAAAAAAAAGgAACAAADQCggAICCAAAAgAI
AACQCAAAAAAAAAAAAAEAAAAAEAQAAAAAQAABIAAAAAAAAAAAAAAAAAAAAAAAAAAAAAAAAAAAAAAA
AA=="	(2r)-3-Hydroxy-2-Methylpropanoic Acid
0	13999770	CC(=O)C(C)(C(=O)[O-])O	(2S)-2-hydroxy-2-methyl-3-oxobutanoate	"AAADcYBgOAAAAAAAAAAAAAAAAAAAAAAAAAAAAAAAAAAAAAAAAAAAGgAACAAADESAgAACCAAAAgAI
AICQCAIAAAAAAAAAAAFAAAABABQIAAAAQAAEIAABAAAAAAAIAAAAAAAAAAAAAAAAAAAAAAAAAAAA
AA=="	(2S)-2-hydroxy-2-methyl-3-oxobutanoate
0	441099	CC1C(=O)C(=O)CC(O1)OP(=O)(O)OP(=O)(O)OCC2C(CC(O2)N3C=C(C(=O)NC3=O)C)O	[hydroxy-[[(2R,3S,5R)-3-hydroxy-5-(5-methyl-2,4-dioxopyrimidin-1-yl)oxolan-2-yl]methoxy]phosphoryl] [(2R,6R)-6-methyl-4,5-dioxooxan-2-yl] hydrogen phosphate	"AAADceB7PAMAAAAAAAAAAAAAAAAAASAAAAAkQAAAAAAAAAAAAAAAHgAQCCAADBTxgAcDCAPABxCI
QoFWUIKAAAAAAAAAAAFIAECREBYAgQQOQAAPJyIHAMGycAYAAAAAAAAAAAAAAAAAAAAAAAAAAAAA
AA=="	dTDP-3,4-didehydro-2,6-dideoxy-alpha-D-glucose
0	56927716	CC1C(C(=O)C(C(O1)OP(=O)(O)OP(=O)(O)OCC2C(CC(O2)N3C=C(C(=O)NC3=O)C)O)O)O	[(2R,3S,5S,6R)-3,5-dihydroxy-6-methyl-4-oxooxan-2-yl] [hydroxy-[[(2R,3S,5R)-3-hydroxy-5-(5-methyl-2,4-dioxopyrimidin-1-yl)oxolan-2-yl]methoxy]phosphoryl] hydrogen phosphate	"AAADceB7PAMAAAAAAAAAAAAAAAAAASAAAAAkQAAAAAAAAAAAAAAAHgAQCCAADBTxgAcDCAPABxCI
QoFWUIKAAAAAAAAAAAFIAECREBYAgQAOQAAPJyIHAMHwcAYAAAAAAAAAAAAAAAAAAAAAAAAAAAAA
AA=="	dTDP-3-dehydro-6-deoxy-alpha-D-galactose
0	441096	CC1C(C(=O)C(C(O1)OP(=O)(O)OP(=O)(O)OCC2C(CC(O2)N3C=C(C(=O)NC3=O)C)O)O)O	[(2R,3S,5R,6R)-3,5-dihydroxy-6-methyl-4-oxooxan-2-yl] [hydroxy-[[(2R,3S,5R)-3-hydroxy-5-(5-methyl-2,4-dioxopyrimidin-1-yl)oxolan-2-yl]methoxy]phosphoryl] hydrogen phosphate	"AAADceB7PAMAAAAAAAAAAAAAAAAAASAAAAAkQAAAAAAAAAAAAAAAHgAQCCAADBTxgAcDCAPABxCI
QoFWUIKAAAAAAAAAAAFIAECREBYAgQAOQAAPJyIHAMHwcAYAAAAAAAAAAAAAAAAAAAAAAAAAAAAA
AA=="	dTDP-3-dehydro-6-deoxy-alpha-D-glucose
0	181296	CC(=CC(CC(=C)C=C)O)C	(4R)-2-methyl-6-methylideneocta-2,7-dien-4-ol	"AAADceBwIAAAAAAAAAAAAAAAAAAAAAAAAAAAAAAAAAAAAAAAAAAAGgAACAAADBSggAICAAAAAgCA
AiBCAAAAAAAgAAAICAAAAAgIFAIAAQAAUAAEwAAIEAIAAAAAAAAAAAAAAAAAAAAAAAAAAAAAAAAA
AA=="	(4R)-2-methyl-6-methylideneocta-2,7-dien-4-ol
0	181296	CC(=CC(CC(=C)C=C)O)C	(4R)-2-methyl-6-methylideneocta-2,7-dien-4-ol	"AAADceBwIAAAAAAAAAAAAAAAAAAAAAAAAAAAAAAAAAAAAAAAAAAAGgAACAAADBSggAICAAAAAgCA
AiBCAAAAAAAgAAAICAAAAAgIFAIAAQAAUAAEwAAIEAIAAAAAAAAAAAAAAAAAAAAAAAAAAAAAAAAA
AA=="	(4R)-2-methyl-6-methylideneocta-2,7-dien-4-ol
0	6430826	CC(=CC(=O)CC(=C)C=C)C	2-methyl-6-methylideneocta-2,7-dien-4-one	"AAADccBwIAAAAAAAAAAAAAAAAAAAAAAAAAAAAAAAAAAAAAAAAAAAGgAAAAAADASAgAACAAAAAACI
AqBSAAAAAAAgAAAICAEAAEgIABIAAQAAAAAAgAAIAQIAAAAAAAAAAAAAAAAAAAAAAAAAAAAAAAAA
AA=="	Ipsdienone
0	12402006	CC(C)CC(=O)CC(=C)C=C	2-methyl-6-methylideneoct-7-en-4-one	"AAADceBwIAAAAAAAAAAAAAAAAAAAAAAAAAAAAAAAAAAAAAAAAAAAGgAAAAAADQSAgAACAAAAAACI
AqBSAAAAAAAgAAAIAAEAAAgIABIAAQAAAAAAgAAAAAEAgEAMAAAAAAAAAAAAAAAAAAAAAAAAAAAA
AA=="	Ipsenone
0	205	CC(C(C(=O)O)N)O	2-amino-3-hydroxybutanoic acid	"AAADccBiMAAAAAAAAAAAAAAAAAAAAAAAAAAAAAAAAAAAAAAAAAAAHgAQCAAACDzhgAYCCABAAgAI
AACQCAAAAAAAAAAAAIGAAAACEBQAAAAAQAAFMAAAAAAAAAAAAAAAAAAAAAAAAAAAAAAAAAAAAAAA
AA=="	DL-Threonine
1	6288	CC(C(C(=O)O)N)O	(2S,3R)-2-amino-3-hydroxybutanoic acid	"AAADccBiMAAAAAAAAAAAAAAAAAAAAAAAAAAAAAAAAAAAAAAAAAAAHgAQCAAACDzhgAYCCABAAgAI
AACQCAAAAAAAAAAAAIGAAAACEBQAAAAAQAAFMAAAAAAAAAAAAAAAAAAAAAAAAAAAAAAAAAAAAAAA
AA=="	l-Threonine
2	69435	CC(C(C(=O)O)N)O	(2R,3S)-2-amino-3-hydroxybutanoic acid	"AAADccBiMAAAAAAAAAAAAAAAAAAAAAAAAAAAAAAAAAAAAAAAAAAAHgAQCAAACDzhgAYCCABAAgAI
AACQCAAAAAAAAAAAAIGAAAACEBQAAAAAQAAFMAAAAAAAAAAAAAAAAAAAAAAAAAAAAAAAAAAAAAAA
AA=="	D-threonine
0	84152	CC(C)(CO)C(=O)OC	methyl 3-hydroxy-2,2-dimethylpropanoate	"AAADccBgMAAAAAAAAAAAAAAAAAAAAAAAAAAAAAAAAAAAAAAAAAAAGgAACAAADgCggAICCAAABgAI
AACQCAAAAAAAAAAAAAEAAAAAEAQAAAAAQAABIAAAAAAAAAAAAAAAAAAAAAAAAAAAAAAAAAAAAAAA
AA=="	Methyl 3-hydroxy-2,2-dimethylpropanoate
0	10880539	C(C1C(C(C(C(O1)O)O)O)O)S(=O)(=O)O	[(2S,3S,4S,5R)-3,4,5,6-tetrahydroxyoxan-2-yl]methanesulfonic acid	"AAADccBgPABAAAAAAAAAAAAAAAAAAAAAAAAkAAAAAAAAAAAAAAAAGgQACAAACBS0wAOACAAABoIA
AAAAAHBAAAAAAAAAAAAAAAAREAIAAAACQAAFAAAHAAHAYAQAAAAAAAAAAAAAAAAAAAAAAAAAAAAA
AA=="	6-Sulfoquinovose
1	86289062	C(C1C(C(C(C(O1)O)O)O)O)S(=O)(=O)[O-]	[(2S,3S,4S,5R)-3,4,5,6-tetrahydroxyoxan-2-yl]methanesulfonate	"AAADccBgPABAAAAAAAAAAAAAAAAAAAAAAAAkAAAAAAAAAAAAAAAAGgQACAAACBS0wAOACAAABgIA
AAAAAHBAAAAAAAAAAAAAAAAREAIAAAACQAAFAAAHAAHAYAQAAAAAAAAAAAAAAAAAAAAAAAAAAAAA
AA=="	Sulfoquinovose
0	160738	CC(CCC(=O)O)C1CCC2C1(C(CC3C2CCC4C3(CCC(=O)C4)C)O)C	(4R)-4-[(5R,8R,9S,10S,12S,13R,14S,17R)-12-hydroxy-10,13-dimethyl-3-oxo-1,2,4,5,6,7,8,9,11,12,14,15,16,17-tetradecahydrocyclopenta[a]phenanthren-17-yl]pentanoic acid	"AAADcfB4OAAAAAAAAAAAAAAAAAAAAYAAAAAwYMAAAAAAAGDAAAAAGgAACAAADxSggAICCAAAAgAI
AICQCAAAAAAAAAAAAAEAAAAAEBIAAAAAQAAEAAAAAAGIyPCPgAAAAAAAAADAAAYAADAAAQAACAAA
AA=="	12alpha-Hydroxy-3-oxo-5beta-cholan-24-oic Acid
0	160530	CC(CCC(=O)O)C1CCC2C1(C(CC3C2CCC4C3(CCC(C4)O)C)O)C	(4R)-4-[(3S,5R,8R,9S,10S,12S,13R,14S,17R)-3,12-dihydroxy-10,13-dimethyl-2,3,4,5,6,7,8,9,11,12,14,15,16,17-tetradecahydro-1H-cyclopenta[a]phenanthren-17-yl]pentanoic acid	"AAADcfB4OAAAAAAAAAAAAAAAAAAAAYAAAAAwYMAAAAAAAGDAAAAAGgAACAAADxSggAICCAAAAgAI
AACQCAAAAAAAAAAAAAEAAAAAEBIAAAAAQAAEAAAAAAGIyPCPgAAAAAAAAADAAAYAADAAAQAACAAA
AA=="	3beta,12alpha-Dihydroxy-5beta-cholan-24-oic Acid
0	122706169	CC(CCC(=O)SCCNC(=O)CCNC(=O)C(C(C)(C)COP(=O)(O)OP(=O)(O)OCC1C(C(C(O1)N2C=NC3=C(N=CN=C32)N)O)OP(=O)(O)O)O)C4CCC5C4(CCC6C5C(CC7C6(CCC(=O)C7)C)O)C	S-[2-[3-[[(2R)-4-[[[(2R,3S,4R,5R)-5-(6-aminopurin-9-yl)-4-hydroxy-3-phosphonooxyoxolan-2-yl]methoxy-hydroxyphosphoryl]oxy-hydroxyphosphoryl]oxy-2-hydroxy-3,3-dimethylbutanoyl]amino]propanoylamino]ethyl] (4R)-4-[(5R,7R,8R,9S,10S,13R,14S,17R)-7-hydroxy-10,13-dimethyl-3-oxo-1,2,4,5,6,7,8,9,11,12,14,15,16,17-tetradecahydrocyclopenta[a]phenanthren-17-yl]pentanethioate	"AAADcfB/vgNAAAAAAAAAAAAAAAAAAeJEAAA8YMEAAAAAAHjB+AAAHgQQCCAADxzl1waH8L/MFxio
QYdxdIKAgC0RELABUKFoVBCDWBpgyEAeRAgPFgLzACH6/PLPgAAAAAAAAADAAAYAADAAAQAACAAA
AA=="	3-oxochenodeoxycholoyl-CoA
0	126843489	CC(CCC(=O)SCCNC(=O)CCNC(=O)C(C(C)(C)COP(=O)(O)OP(=O)(O)OCC1C(C(C(O1)N2C=NC3=C(N=CN=C32)N)O)OP(=O)(O)O)O)C4CCC5C4(C(CC6C5CCC7C6(CCC(=O)C7)C)O)C	S-[2-[3-[[(2R)-4-[[[(2R,3S,4R,5R)-5-(6-aminopurin-9-yl)-4-hydroxy-3-phosphonooxyoxolan-2-yl]methoxy-hydroxyphosphoryl]oxy-hydroxyphosphoryl]oxy-2-hydroxy-3,3-dimethylbutanoyl]amino]propanoylamino]ethyl] (4R)-4-[(5R,8R,9S,10S,12S,13R,14S,17R)-12-hydroxy-10,13-dimethyl-3-oxo-1,2,4,5,6,7,8,9,11,12,14,15,16,17-tetradecahydrocyclopenta[a]phenanthren-17-yl]pentanethioate	"AAADcfB/vgNAAAAAAAAAAAAAAAAAAeJEAAA8YMEAAAAAAHjB+AAAHgQQCCAADxzl1waH8L/MFxio
QYdxdIKAgC0RELABUKFoVBCDWBpgyEAeRAgPFgLzACH6+PKPgAAAAAAAAADAAAYAADAAAQAACAAA
AA=="	3-oxo-deoxycholoyl-CoA
0	126843491	CC(CCC(=O)SCCNC(=O)CCNC(=O)C(C(C)(C)COP(=O)(O)OP(=O)(O)OCC1C(C(C(O1)N2C=NC3=C(N=CN=C32)N)O)OP(=O)(O)O)O)C4CCC5C4(CCC6C5CCC7C6(CCC(=O)C7)C)C	S-[2-[3-[[(2R)-4-[[[(2R,3S,4R,5R)-5-(6-aminopurin-9-yl)-4-hydroxy-3-phosphonooxyoxolan-2-yl]methoxy-hydroxyphosphoryl]oxy-hydroxyphosphoryl]oxy-2-hydroxy-3,3-dimethylbutanoyl]amino]propanoylamino]ethyl] (4R)-4-[(5R,8R,9S,10S,13R,14S,17R)-10,13-dimethyl-3-oxo-1,2,4,5,6,7,8,9,11,12,14,15,16,17-tetradecahydrocyclopenta[a]phenanthren-17-yl]pentanethioate	"AAADcfB/vgNAAAAAAAAAAAAAAAAAAeJEAAA8YMEAAAAAAHjB+AAAHgQQCCAADxzl1waH8L/MFxio
QYdxdIKAgC0RELABUKFoVBCDWBpgyEAeRAgPFgLzACH6uMKPgAAAAAAAAACAAAQAACAAAQAACAAA
AA=="	3-oxo-5beta-cholan-24-oyl-CoA
0	42578501	CC(C1=CNC2=CC=CC=C21)C(C(=O)[O-])O	(2S,3R)-2-hydroxy-3-(1H-indol-3-yl)butanoate	"AAADccByMAAAAAAAAAAAAAAAAAAAAWAAAAAwAAAAAAAAAFgB8AAAHgAQCAAADRzhngY+yPLJkgCo
AzT3TAKCgCAxAiAI2aF4ZJgJMPLAkZGEYAhk0AHJyAe42fOOgAAAAAACAAAAAAAAAAQAAAAAAAAA
AA=="	Indolmycenate
0	439314	CC(C(=O)C)O	(3R)-3-hydroxybutan-2-one	"AAADccBgMAAAAAAAAAAAAAAAAAAAAAAAAAAAAAAAAAAAAAAAAAAAGgAACAAACBSggAICAAAAAgAI
AIAQAAIAAAAAAAAAAAFAAAAAEAAAAAAAQAAAAAAAAAAAAAAAAAAAAAAAAAAAAAAAAAAAAAAAAAAA
AA=="	(R)-acetoin
0	225936	CC(C(C)O)O	(2R,3R)-butane-2,3-diol	"AAADccBgMAAAAAAAAAAAAAAAAAAAAAAAAAAAAAAAAAAAAAAAAAAAGgAACAAACBSggAICAAAAAgAA
AAAAAAAAAAAAAAAAAAAAAAABEAAAAAAAQAAAAAABAAAAAAAAAAAAAAAAAAAAAAAAAAAAAAAAAAAA
AA=="	(R,R)-2,3-butanediol
0	220010	CC(C(C)O)O	(2R,3S)-butane-2,3-diol	"AAADccBgMAAAAAAAAAAAAAAAAAAAAAAAAAAAAAAAAAAAAAAAAAAAGgAACAAACBSggAICAAAAAgAA
AAAAAAAAAAAAAAAAAAAAAAABEAAAAAAAQAAAAAABAAAAAAAAAAAAAAAAAAAAAAAAAAAAAAAAAAAA
AA=="	meso-2,3-Butanediol
0	1030	CC(CO)O	propane-1,2-diol	"AAADccBAMAAAAAAAAAAAAAAAAAAAAAAAAAAAAAAAAAAAAAAAAAAAGgAACAAACBSggAICAAAAAgAA
AAAAAAAAAAAAAAAAAAAAAAABEAAAAAAAQAAAAAABAAAAAAAAAAAAAAAAAAAAAAAAAAAAAAAAAAAA
AA=="	Propylene glycol
0	259994	CC(CO)O	(2R)-propane-1,2-diol	"AAADccBAMAAAAAAAAAAAAAAAAAAAAAAAAAAAAAAAAAAAAAAAAAAAGgAACAAACBSggAICAAAAAgAA
AAAAAAAAAAAAAAAAAAAAAAABEAAAAAAAQAAAAAABAAAAAAAAAAAAAAAAAAAAAAAAAAAAAAAAAAAA
AA=="	R-1,2-Propanediol
0	94335	CCCCC(CO)O	hexane-1,2-diol	"AAADccBgMAAAAAAAAAAAAAAAAAAAAAAAAAAAAAAAAAAAAAAAAAAAGgAACAAACBSggAICAAAAAgAA
AAAAAAAAAAAAAAAAAAAAAAABEAIAAAAAQAAEAAABAAGAQAAAAAAAAAAAAAAAAAAAAAAAAAAAAAAA
AA=="	1,2-Hexanediol
0	93000	CCCC(CO)O	pentane-1,2-diol	"AAADccBgMAAAAAAAAAAAAAAAAAAAAAAAAAAAAAAAAAAAAAAAAAAAGgAACAAACBSggAICAAAAAgAA
AAAAAAAAAAAAAAAAAAAAAAABEAIAAAAAQAAEAAABAACAAAAAAAAAAAAAAAAAAAAAAAAAAAAAAAAA
AA=="	1,2-Pentanediol
0	8093	CCCCCCC(=O)C	octan-2-one	"AAADceBwIAAAAAAAAAAAAAAAAAAAAAAAAAAAAAAAAAAAAAAAAAAAGgAAAAAACASAgAACAAAAAAAI
AIAQAAAAAAAAAAAAAAEAAAAAABIAAAAAAAAAAAAAAAEIiICAAAAAAAAAAAAAAAAAAAAAAAAAAAAA
AA=="	2-Octanone
0	7896	CC(CCO)O	butane-1,3-diol	"AAADccBgMAAAAAAAAAAAAAAAAAAAAAAAAAAAAAAAAAAAAAAAAAAAGgAACAAACBSggAICAAAAAgAA
AAAAAAAAAAAAAAAAAAAAAAAAEAAAAAAAQAAFAAAAAAAAAAAAAAAAAAAAAAAAAAAAAAAAAAAAAAAA
AA=="	1,3-Butanediol
0	4377704	CCOC(=O)CC(CCl)O	ethyl 4-chloro-3-hydroxybutanoate	"AAADccBgMAAEAAAAAAAAAAAAAAAAAAAAAAAAAAAAAAAAAAAAAAAAGgIACAAACBeggEICCAAABgAI
AACQCAAAAAAAAAAAAAEAAwAAEBQBAAACQAAFIAAAAAAAAAAAAAAAAAAAAAAAAAAAAAAAAAAAAAAA
AA=="	Ethyl 4-chloro-3-hydroxybutanoate
0	23666456	CC(C(=O)[O-])O.[Na+]	sodium;2-hydroxypropanoate	"AAADcYBAMCAAAAAAAAAAAAAAAAAAAAAAAAAAAAAAAAAAAAAAAAAAGgAACAAACBSggAICCAAAAgAI
AACQCAIAAAAAAAAAAAFAAAABEAAAAAAAAAAAAAABAAAAAAAAAAAAAAAAAAAAAAAAAAAAAAAAAAAA
AA=="	Sodium lactate
0	11429	CCC(CO)O	butane-1,2-diol	"AAADccBgMAAAAAAAAAAAAAAAAAAAAAAAAAAAAAAAAAAAAAAAAAAAGgAACAAACBSggAICAAAAAgAA
AAAAAAAAAAAAAAAAAAAAAAABEAAAAAAAQAAEAAABAAAAAAAAAAAAAAAAAAAAAAAAAAAAAAAAAAAA
AA=="	1,2-Butanediol
0	1030	CC(CO)O	propane-1,2-diol	"AAADccBAMAAAAAAAAAAAAAAAAAAAAAAAAAAAAAAAAAAAAAAAAAAAGgAACAAACBSggAICAAAAAgAA
AAAAAAAAAAAAAAAAAAAAAAABEAAAAAAAQAAAAAABAAAAAAAAAAAAAAAAAAAAAAAAAAAAAAAAAAAA
AA=="	Propylene glycol
0	225936	CC(C(C)O)O	(2R,3R)-butane-2,3-diol	"AAADccBgMAAAAAAAAAAAAAAAAAAAAAAAAAAAAAAAAAAAAAAAAAAAGgAACAAACBSggAICAAAAAgAA
AAAAAAAAAAAAAAAAAAAAAAABEAAAAAAAQAAAAAABAAAAAAAAAAAAAAAAAAAAAAAAAAAAAAAAAAAA
AA=="	(R,R)-2,3-butanediol
0	8064	C(CCO)CO	butane-1,4-diol	"AAADccBgMAAAAAAAAAAAAAAAAAAAAAAAAAAAAAAAAAAAAAAAAAAAGgAACAAACACggAIAAAAAAgAA
AAAAAAAAAAAAAAAAAAAAAAAAEAAAAAAAQAAEAAAAAABAAAAAAAAAAAAAAAAAAAAAAAAAAAAAAAAA
AA=="	1,4-Butanediol
0	6560	CC(C)CO	2-methylpropan-1-ol	"AAADccBgIAAAAAAAAAAAAAAAAAAAAAAAAAAAAAAAAAAAAAAAAAAAGgAACAAADQCggAICAAAAAgAA
AAAAAAAAAAAAAAAAAAAAAAAAEAAAAAAAQAAAAAAAAAAAAAAAAAAAAAAAAAAAAAAAAAAAAAAAAAAA
AA=="	Isobutanol
0	10442	C(CO)CO	propane-1,3-diol	"AAADccBAMAAAAAAAAAAAAAAAAAAAAAAAAAAAAAAAAAAAAAAAAAAAGgAACAAACACggAIAAAAAAgAA
AAAAAAAAAAAAAAAAAAAAAAAAEAAAAAAAQAABAAAAAAAAAAAAAAAAAAAAAAAAAAAAAAAAAAAAAAAA
AA=="	1,3-Propanediol
0	225936	CC(C(C)O)O	(2R,3R)-butane-2,3-diol	"AAADccBgMAAAAAAAAAAAAAAAAAAAAAAAAAAAAAAAAAAAAAAAAAAAGgAACAAACBSggAICAAAAAgAA
AAAAAAAAAAAAAAAAAAAAAAABEAAAAAAAQAAAAAABAAAAAAAAAAAAAAAAAAAAAAAAAAAAAAAAAAAA
AA=="	(R,R)-2,3-butanediol
0	6857359	CC(C(CC(=O)C(=O)O)O)O	(4R,5S)-4,5-dihydroxy-2-oxohexanoic acid	"AAADccBgOAAAAAAAAAAAAAAAAAAAAAAAAAAAAAAAAAAAAAAAAAAAGgAACAAACBSggAICCAAAAgAI
AICQCAIAAAAAAAAAAAFAAAABEBYAAAAAQAAEIAABAAHKbARAAAAAAAAAAAAAAAAAAAAAAAAAAAAA
AA=="	2-dehydro-3-deoxy-L-rhamnonic acid
1	49852300	CC(C(CC(=O)C(=O)[O-])O)O	(4R,5S)-4,5-dihydroxy-2-oxohexanoate	"AAADccBgOAAAAAAAAAAAAAAAAAAAAAAAAAAAAAAAAAAAAAAAAAAAGgAACAAACBSggAICCAAAAgAI
AICQCAIAAAAAAAAAAAFAAAABEBYAAAAAQAAEIAABAAHKbARAAAAAAAAAAAAAAAAAAAAAAAAAAAAA
AA=="	2-Dehydro-3-deoxy-L-rhamnonate
0	90658155	C(C(C(CO)O)O)C(=O)C(=O)[O-]	(4R,5S)-4,5,6-trihydroxy-2-oxohexanoate	"AAADccBgOAAAAAAAAAAAAAAAAAAAAAAAAAAAAAAAAAAAAAAAAAAAGgAACAAACBSggAIACAAAAgAI
AICQCAIAAAAAAAAAAAFAAAABEBYAAAAAQAAFIAABAAHKbARAAAAAAAAAAAAAAAAAAAAAAAAAAAAA
AA=="	2-dehydro-3-deoxy-L-mannonate
0	262	CC(C(C)O)O	butane-2,3-diol	"AAADccBgMAAAAAAAAAAAAAAAAAAAAAAAAAAAAAAAAAAAAAAAAAAAGgAACAAACBSggAICAAAAAgAA
AAAAAAAAAAAAAAAAAAAAAAABEAAAAAAAQAAAAAABAAAAAAAAAAAAAAAAAAAAAAAAAAAAAAAAAAAA
AA=="	2,3-Butanediol
0	169019	C(C(C(CO)O)O)O	(2R,3R)-butane-1,2,3,4-tetrol	"AAADccBgOAAAAAAAAAAAAAAAAAAAAAAAAAAAAAAAAAAAAAAAAAAAGgAACAAACBSggAIAAAAAAgAA
AAAAAAAAAAAAAAAAAAAAAAABEAAAAAAAQAAFAAABAABAAAAAAAAAAAAAAAAAAAAAAAAAAAAAAAAA
AA=="	D-Threitol
0	66603	C1(=C(C(=C(C(=C1Cl)Cl)O)Cl)Cl)O	2,3,5,6-tetrachlorobenzene-1,4-diol	"AAADcQBgMAAHAAAAAAAAAAAAAAAAAAAAAAAwAAAAAAAAAAABAAAACgIACAAACAYAkCAABoAAAgCA
AABAAAACAAAgJEAAikAEC4gIJiKDEhKAcAAkwBEImAfAQAAAAQAQAQCACAQCACACAQAQCAAAAAAA
AA=="	Tetrachlorohydroquinone
0	8371	C1(=C(C(=O)C(=C(C1=O)Cl)Cl)Cl)Cl	2,3,5,6-tetrachlorocyclohexa-2,5-diene-1,4-dione	"AAADcQBgMAAHAAAAAAAAAAAAAAAAAAAAAAAgAAAAAAAAAAAAAAAACgIAAAAACAYAgAAAAAAAAACI
AIBQAAAAAAAgAAAACAAAAkhAAAAAAAAAAAAAAAAIAQIAAAAAAAAAAAAAAAAAAAAAAAAAAAAAAAAA
AA=="	Chloranil
0	151263	C(C(C(C(C(CO)O)O)O)O)O	(2R,3S,4R,5R)-hexane-1,2,3,4,5,6-hexol	"AAADccBgOAAAAAAAAAAAAAAAAAAAAAAAAAAAAAAAAAAAAAAAAAAAGgAACAAACBSggAIAAAAAAgAA
AAAAAAAAAAAAAAAAAAAAAAABEAIAAAAAQAAFAAABAAHAYAQAAAAAAAAAAAAAAAAAAAAAAAAAAAAA
AA=="	D-Altritol
0	126456490	C(C(=O)C(C(=O)[O-])O)OP(=O)([O-])[O-]	(2R)-2-hydroxy-3-oxo-4-phosphonatooxybutanoate	"AAADcYBgPAIAAAAAAAAAAAAAAAAAAAAAAAAAAAAAAAAAAAAAAAAAGgAACCAACBSggAIACAAAAxAI
QICQCIIAAAAAAAAAAAFAAAABEBQIAAAAQAAFIAABAABCAAAAAAAAAAAAAAAAAAAAAAAAAAAAAAAA
AA=="	3-Dehydro-4-phospho-D-erythronate
0	11629889	C(C(C(C(=O)O)O)O)OP(=O)(O)O	(2S,3R)-2,3-dihydroxy-4-phosphonooxybutanoic acid	"AAADccBgPAIAAAAAAAAAAAAAAAAAAAAAAAAAAAAAAAAAAAAAAAAAGgAACCAACBSggAIACAAAAxAI
QACQCIIAAAAAAAAAAAFAAAABEBQAAAAAQAAFIAABAABCAAAAAAAAAAAAAAAAAAAAAAAAAAAAAAAA
AA=="	4-phospho-D-threonic acid
1	126456488	C(C(C(C(=O)[O-])O)O)OP(=O)([O-])[O-]	(2S,3R)-2,3-dihydroxy-4-phosphonatooxybutanoate	"AAADcYBgPAIAAAAAAAAAAAAAAAAAAAAAAAAAAAAAAAAAAAAAAAAAGgAACCAACBSggAIACAAAAxAI
QACQCIIAAAAAAAAAAAFAAAABEBQAAAAAQAAFIAABAABCAAAAAAAAAAAAAAAAAAAAAAAAAAAAAAAA
AA=="	4-O-phospho-D-threonate
0	126456490	C(C(=O)C(C(=O)[O-])O)OP(=O)([O-])[O-]	(2R)-2-hydroxy-3-oxo-4-phosphonatooxybutanoate	"AAADcYBgPAIAAAAAAAAAAAAAAAAAAAAAAAAAAAAAAAAAAAAAAAAAGgAACCAACBSggAIACAAAAxAI
QICQCIIAAAAAAAAAAAFAAAABEBQIAAAAQAAFIAABAABCAAAAAAAAAAAAAAAAAAAAAAAAAAAAAAAA
AA=="	3-Dehydro-4-phospho-D-erythronate
0	5460407	C(C(C(C(=O)O)O)O)O	(2R,3S)-2,3,4-trihydroxybutanoic acid	"AAADccBgOAAAAAAAAAAAAAAAAAAAAAAAAAAAAAAAAAAAAAAAAAAAGgAACAAACBSggAIACAAAAgAI
AACQCAIAAAAAAAAAAAFAAAABEBQAAAAAQAAFIAABAABCAAAAAAAAAAAAAAAAAAAAAAAAAAAAAAAA
AA=="	L-threonic acid
0	439545	CC(C(C(C(C(=O)O)O)O)O)O	(2S,3R,4R,5S)-2,3,4,5-tetrahydroxyhexanoic acid	"AAADccBgOAAAAAAAAAAAAAAAAAAAAAAAAAAAAAAAAAAAAAAAAAAAGgAACAAACBSggAICCAAAAgAI
AACQCAIAAAAAAAAAAAFAAAABEBYAAAAAQAAFIAABAAHKbARAAAAAAAAAAAAAAAAAAAAAAAAAAAAA
AA=="	L-fuconic acid
1	6857452	CC(C(C(C(C(=O)[O-])O)O)O)O	(2S,3R,4R,5S)-2,3,4,5-tetrahydroxyhexanoate	"AAADccBgOAAAAAAAAAAAAAAAAAAAAAAAAAAAAAAAAAAAAAAAAAAAGgAACAAACBSggAICCAAAAgAI
AACQCAIAAAAAAAAAAAFAAAABEBYAAAAAQAAFIAABAAHKbARAAAAAAAAAAAAAAAAAAAAAAAAAAAAA
AA=="	L-Fuconate
0	38988608	C(C(C(C(C(C(=O)[O-])O)O)O)O)O	(2S,3R,4S,5S)-2,3,4,5,6-pentahydroxyhexanoate	"AAADccBgOAAAAAAAAAAAAAAAAAAAAAAAAAAAAAAAAAAAAAAAAAAAGgAACAAACBSggAIACAAAAgAI
AACQCAIAAAAAAAAAAAFAAAABEBYAAAAAQAAFIAABAAHKbARAAAAAAAAAAAAAAAAAAAAAAAAAAAAA
AA=="	L-gluconate
0	90657121	CN1CCC2=CC3=C(C(=C2C1C4C5=C(C(O4)O)C(=C(C=C5)OC)OC)OC)OCO3	(3S)-6,7-dimethoxy-3-[(5R)-4-methoxy-6-methyl-7,8-dihydro-5H-[1,3]dioxolo[4,5-g]isoquinolin-5-yl]-1,3-dihydro-2-benzofuran-1-ol	"AAADceB6OAAAAAAAAAAAAAAAAAAAASJAAAA8YIAAAAAAAEixQAAAHgAACAAADDzxmAcyDoMABgCA
AiBCAACCCAAgIAAIiAAOjIgfNyKEsRuncCpnwBWeuAfw8P8OoAABCAAYQABAAAIQADCAAAAAAAAA
AA=="	Narcotine hemiacetal
0	275196	CN1CCC2=CC3=C(C(=C2C1C4C5=C(C(=C(C=C5)OC)OC)C(=O)O4)OC)OCO3	(3S)-6,7-dimethoxy-3-[(5R)-4-methoxy-6-methyl-7,8-dihydro-5H-[1,3]dioxolo[4,5-g]isoquinolin-5-yl]-3H-2-benzofuran-1-one	"AAADceB6OAAAAAAAAAAAAAAAAAAAASJAAAA8YIAAAAAAAEixQAAAHgAAAAAADDzhmAcyDoMABACI
AiDSCACCCAAkIAAIiAEOjMgfJzaEtRunMWpn4BWeqQf6+f+eoAABCAAYQABAAAIQADCAAAAAAAAA
AA=="	Noscapine
0	91590922	CC(C)CCCC(C)C1CCC2C1(CCC3C2=CCC4C3(CCC(C4C(=O)O)O)C)C	(3S,4S,9R,10S,13R,14R,17R)-3-hydroxy-10,13-dimethyl-17-[(2R)-6-methylheptan-2-yl]-2,3,4,5,6,9,11,12,14,15,16,17-dodecahydro-1H-cyclopenta[a]phenanthrene-4-carboxylic acid	"AAADcfB4MAAAAAAAAAAAAAAAAAAAAYAAAAAwYIAAAAAAAGCAAAAAGgAACAAADxSggAICCAAAAgCI
AiDSCAAAAAAgAAAACAEAAAgAEBYAAQAAQAAFoAAIAAOIyPCPgAAAAAAAAADAAAYAADAAAQAACAAA
AA=="	4alpha-Carboxy-cholest-7-en-3beta-ol
0	129847581	CC(CCC=C(C)C)C1CCC2C1(CCC3=C2CCC4C3(CCC(C4(C)C(=O)O)O)C)C	(3S,4S,10S,13R,14R,17R)-3-hydroxy-4,10,13-trimethyl-17-[(2R)-6-methylhept-5-en-2-yl]-1,2,3,5,6,7,11,12,14,15,16,17-dodecahydrocyclopenta[a]phenanthrene-4-carboxylic acid	"AAADcfB4MAAAAAAAAAAAAAAAAAAAAYAAAAAwQIAAAAAAAEDAAAAAGgAACAAADxSggAICCAAAAgCI
AiDSCAAAAAAgAAAACAEAAAgAEBYAAQAAQAAFoAAIAAOIyPCPgAAAAAAAAABAAAYAADAAAQAACAAA
AA=="	4alpha-Carboxy-4beta-methyl-cholest-8,24-dien-3beta-ol
0	50986235	CC=C(CCC(C)C1CCC2C1(CCC3C2=CCC4C3(CCC(C4C(=O)[O-])O)C)C)C(C)C	(3S,4S,10S,13R)-3-hydroxy-10,13-dimethyl-17-[(Z,2R)-5-propan-2-ylhept-5-en-2-yl]-2,3,4,5,6,9,11,12,14,15,16,17-dodecahydro-1H-cyclopenta[a]phenanthrene-4-carboxylate	"AAADcfB4MAAAAAAAAAAAAAAAAAAAAYAAAAAwYIAAAAAAAGCAAAAAGgAACAAADxSggAICCAAAAgCI
AiDSCAAAAAAgAAAACAEAAAgAEBYAAQAAQAAFoAAIAAOIyPCPgAAAAAAAAADAAAYAADAAAQAACAAA
AA=="	(3S,4S,10S,13R)-3-hydroxy-10,13-dimethyl-17-[(Z,2R)-5-propan-2-ylhept-5-en-2-yl]-2,3,4,5,6,9,11,12,14,15,16,17-dodecahydro-1H-cyclopenta[a]phenanthrene-4-carboxylate
1	102515427	CC=C(CCC(C)C1CCC2C1(CCC3C2=CCC4C3(CCC(C4C(=O)[O-])O)C)C)C(C)C	(3S,4S,5S,9R,10S,13R,14R,17R)-3-hydroxy-10,13-dimethyl-17-[(Z,2R)-5-propan-2-ylhept-5-en-2-yl]-2,3,4,5,6,9,11,12,14,15,16,17-dodecahydro-1H-cyclopenta[a]phenanthrene-4-carboxylate	"AAADcfB4MAAAAAAAAAAAAAAAAAAAAYAAAAAwYIAAAAAAAGCAAAAAGgAACAAADxSggAICCAAAAgCI
AiDSCAAAAAAgAAAACAEAAAgAEBYAAQAAQAAFoAAIAAOIyPCPgAAAAAAAAADAAAYAADAAAQAACAAA
AA=="	4alpha-Carboxy-stigmasta-7,24(241)-dien-3beta-ol
0	102063093	CC1CCC2C1C(OC=C2C)O	(4aR,7S,7aS)-4,7-dimethyl-1,4a,5,6,7,7a-hexahydrocyclopenta[c]pyran-1-ol	"AAADceBwMAAAAAAAAAAAAAAAAAAAAYAAAAAgAAAAAAAAAEAAAAAAGgAACAAADQCwgAMCCAAABgCA
AgBCAAAACAAgIAAAAAAAAAgQEAIAAQAAQAAEgAAAAAGAwOAOgAAAAAAAAAAAAAAAAAAAAQAACAAA
AA=="	cis,cis-Nepetalactol
0	1198	C(C(C(C(=O)O)O)C(=O)O)C(=O)O	1-hydroxypropane-1,2,3-tricarboxylic acid	"AAADccBgOAAAAAAAAAAAAAAAAAAAAAAAAAAAAAAAAAAAAAAAAAAAGgAACAAADRSggAIACAAAAgAI
AACQCAIAAAAAAAAAAAFAAAABEBYAAAAAQAAFIAABAADLJgAKAAAAAAAAAAAAAAAAAAAAAAAAAAAA
AA=="	Isocitric acid
1	5459771	C(C(C(C(=O)[O-])O)C(=O)[O-])C(=O)[O-]	(1R,2S)-1-hydroxypropane-1,2,3-tricarboxylate	"AAADcYBgOAAAAAAAAAAAAAAAAAAAAAAAAAAAAAAAAAAAAAAAAAAAGgAACAAADRSggAIACAAAAgAI
AACQCAIAAAAAAAAAAAFAAAABEBYAAAAAQAAFIAABAADLJgAKAAAAAAAAAAAAAAAAAAAAAAAAAAAA
AA=="	threo-Ds-isocitrate
0	5318532	C(C(C(C(=O)O)O)C(=O)O)C(=O)O	(1R,2S)-1-hydroxypropane-1,2,3-tricarboxylic acid	"AAADccBgOAAAAAAAAAAAAAAAAAAAAAAAAAAAAAAAAAAAAAAAAAAAGgAACAAADRSggAIACAAAAgAI
AACQCAIAAAAAAAAAAAFAAAABEBYAAAAAQAAFIAABAADLJgAKAAAAAAAAAAAAAAAAAAAAAAAAAAAA
AA=="	D-threo-Isocitric acid
0	972	C(C(C(=O)C(=O)O)C(=O)O)C(=O)O	1-oxopropane-1,2,3-tricarboxylic acid	"AAADcYBgOAAAAAAAAAAAAAAAAAAAAAAAAAAAAAAAAAAAAAAAAAAAGgAACAAADQSAgAAACAAAAgAI
AICQCAIAAAAAAAAAAAFAAAAAABYIAAAAQAAEIAAAAADLJgAKAAAAAAAAAAAAAAAAAAAAAAAAAAAA
AA=="	Oxalosuccinic acid
0	12306753	C1C(C(C(O1)O)O)(CO)O	(3R,4R)-4-(hydroxymethyl)oxolane-2,3,4-triol	"AAADccBgOAAAAAAAAAAAAAAAAAAAASAAAAAAAAAAAAAAAAAAAAAAGgAACAAADFSwgAMACAAABgAA
AAAAAAAAAAAAAAAAAAAAAAAREAAAAAACQAAFAAAHAABAAAAIAAAAAAAAAAAAAAAAAAAAAAAAAAAA
AA=="	L-Apiose
0	12306856	C(C(CO)(C(C(=O)O)O)O)O	(2R)-2,3,4-trihydroxy-3-(hydroxymethyl)butanoic acid	"AAADccBgOAAAAAAAAAAAAAAAAAAAAAAAAAAAAAAAAAAAAAAAAAAAGgAACAAADFSggAIACAAAAgAI
AACQCAIAAAAAAAAAAAFAAAABEBQAAAAAQAAFIAABAABCAAAIAAAAAAAAAAAAAAAAAAAAAAAAAAAA
AA=="	D-apionate
1	134692092	C(C(CO)(C(C(=O)[O-])O)O)O	(2R)-2,3,4-trihydroxy-3-(hydroxymethyl)butanoate	"AAADccBgOAAAAAAAAAAAAAAAAAAAAAAAAAAAAAAAAAAAAAAAAAAAGgAACAAADFSggAIACAAAAgAI
AACQCAIAAAAAAAAAAAFAAAABEBQAAAAAQAAFIAABAABCAAAIAAAAAAAAAAAAAAAAAAAAAAAAAAAA
AA=="	(2R)-apionate
0	7028	CC(C(C1=CC=CC=C1)O)NC	(1S,2S)-2-(methylamino)-1-phenylpropan-1-ol	"AAADccByIAAAAAAAAAAAAAAAAAAAAAAAAAAwAAAAAAAAAAABAAAAHgAQCAAADDzhmAYyAILAAgCA
AiBCAAACAAAgAAAIiIAICIgKNiKAkRGEcAAk0AEYmAeQwKAOAAAAAAAAAAAAAAAAAAAAAAAAAAAA
AA=="	Pseudoephedrine
0	123358	C1C2=CC=CC=C2C(=O)C1=O	3H-indene-1,2-dione	"AAADcYBwMAAAAAAAAAAAAAAAAAAAAYAAAAAwAAAAAAAAAGABAAAAGgAAAAAADASAmAAwAIAAAACI
AqBSAAACAAAkAAAIiAEAAMgIIDKAFRCAIQAggAAIiYcIioCOgAAAAAAQAAAAAAAAACAAAAAACAAA
AA=="	1H-Indene-1,2(3H)-dione
0	10667	C1=CC=C2C(=C1)C=CC(=O)C2=O	naphthalene-1,2-dione	"AAADcYBwMAAAAAAAAAAAAAAAAAAAAAAAAAAwQAAAAAAAAACBAAAAGgAAAAAADASAmAAwAIAAAACI
AqBSAAACAAAkAAAIiAEAAMgIIDKAFRCAIQAggAAIiYcIiICOgAAAAAAQAAAAAAAAACAAAAAAAAAA
AA=="	1,2-Naphthoquinone
0	11363	CC(=O)C(=O)C1=CC=CC=C1	1-phenylpropane-1,2-dione	"AAADccBwMAAAAAAAAAAAAAAAAAAAAAAAAAAwAAAAAAAAAAABAAAAGgAAAAAADASAmAAyAIAAAACI
AqBSAAACAAAkAAAIiAEAAMgIIDKAFRCAIQAggAAIiYcIiICOAAAAAAAAAAAAAAAAAAAAAAAAAAAA
AA=="	1-Phenyl-1,2-propanedione
0	89076	C1=CC=C(C(=C1)C(=O)C(=O)C2=CC=CC=C2Cl)Cl	1,2-bis(2-chlorophenyl)ethane-1,2-dione	"AAADccBwMAAGAAAAAAAAAAAAAAAAAAAAAAAwYAAAAAAAAAABQAAAGgIAAAAADAaAmCAwAIAAAACI
AqBSAAACAAAkBQAIiAEAAsgIIDKBFxCAIQAggAAIjYcIiMCOAAAAAAABAAAAAAAAAAIAAAAAAAAA
AA=="	2,2'-Dichlorobenzil
0	11952	C1=CC=C(C=C1)C(=O)CN	2-amino-1-phenylethanone	"AAADccByIAAAAAAAAAAAAAAAAAAAAAAAAAAwAAAAAAAAAAABAAAAHgAQAAAADATBmAQwAIBAAACI
AqBSAAACAAAkAAAIiIGAAMgIIDKAlRGAIQAggAAIiYcYiICOAAAAAAAAAAAAAAAAAAAAAAAAAAAA
AA=="	2-Aminoacetophenone
0	4992116	CC(C(=O)C1=CC(=CC=C1)Cl)Br	2-bromo-1-(3-chlorophenyl)propan-1-one	"AAADccBwIAAEEAAAAAAAAAAAAAAAAAAAAAAwAAAAAAAAAAABAAAAGgJAAAABzAaAmCAyAIAAAACI
AqBSAAACAAAkBQAIiAEAAugoIDKBFxCAIQAggAAIiZcIiICOAAAAIAAAAAAAAABAAAAAAAAAAAAA
AA=="	2-Bromo-3'-chloropropiophenone
0	6259	C1=CC=C(C=C1)C(=O)CBr	2-bromo-1-phenylethanone	"AAADcYBwIAAAEAAAAAAAAAAAAAAAAAAAAAAwAAAAAAAAAAABAAAAGgBAAAABTASAmAAwAIAAAACI
AqBSAAACAAAkAAAIiAEAAOgoIDKAFRCAIQAggAAIiZcIiICOAAAAAAAAAAAAAAAAAAAAAAAAAAAA
AA=="	2-Bromoacetophenone
0	89801	C1=CC=C(C=C1)C(=O)C(=O)C2=CC=C(C=C2)Cl	1-(4-chlorophenyl)-2-phenylethane-1,2-dione	"AAADccBwMAAEAAAAAAAAAAAAAAAAAAAAAAAwYAAAAAAAAAABQAAAGgIAAAAADAaAmCAwAIAAAACI
AqBSAAACAAAkBQAIiAEAAsgIIDKBFxCAIQAggAAIiYcIiMCOBAAAAAAAAAAIAAAAAAAAAAAAAAAA
AA=="	1-(4-Chlorophenyl)-2-phenylethane-1,2-dione
0	7054	C1=CC=C2C(=C1)C(=O)C(=O)N2	1H-indole-2,3-dione	"AAADcYByMAAAAAAAAAAAAAAAAAAAAWAAAAAwAAAAAAAAAFgBAAAAHgAQAAAADAyBmAAwwILAAACI
AqVSUACCAAAlAgAIiAGAZMgIIDrAlbGEIYhglADIyccciICOAAAAAAACAAAAAAAAAAQAAAAAAAAA
AA=="	Isatin
0	84835	COC(=O)C(=O)C1=CC=CC=C1	methyl 2-oxo-2-phenylacetate	"AAADccBwMAAAAAAAAAAAAAAAAAAAAAAAAAAwAAAAAAAAAAABAAAAGgAAAAAADASAmAIyCIAABACI
AqDSCAICAAAkAAAIiAFAAMgIIDKAFRSAIQAkwAEIiYeIyKCOAAAAAAAAAAAAAAAAAAAAAAAAAAAA
AA=="	Methyl benzoylformate
0	14090	C1=CC=C(C=C1)C(=O)C=O	2-oxo-2-phenylacetaldehyde	"AAADcYBwMAAAAAAAAAAAAAAAAAAAAAAAAAAwAAAAAAAAAAABAAAAGgAAAAAADASgmAIwAIAAAACI
AqhSgAACAAAkAAAIiAEAAMgIIDKAFRCAIQAggAAIiYcIiICOAAAAAAAAAAAAAAAAAAAAAAAAAAAA
AA=="	Phenylglyoxal
0	123358	C1C2=CC=CC=C2C(=O)C1=O	3H-indene-1,2-dione	"AAADcYBwMAAAAAAAAAAAAAAAAAAAAYAAAAAwAAAAAAAAAGABAAAAGgAAAAAADASAmAAwAIAAAACI
AqBSAAACAAAkAAAIiAEAAMgIIDKAFRCAIQAggAAIiYcIioCOgAAAAAAQAAAAAAAAACAAAAAACAAA
AA=="	1H-Indene-1,2(3H)-dione
0	68119	C1=COC(=C1)C(=O)C(=O)C2=CC=CO2	1,2-bis(furan-2-yl)ethane-1,2-dione	"AAADcYBwOAAAAAAAAAAAAAAAAAAAASJAAAAAAAAAAAAAAAAB4AAAGgAAAAAACASgkAIwBIAABECI
AKhSgAICCAAkIAAIiAFGCMgMJjaMNR6CGSCk4BEIqYfLzqCgAAAAAAAAAAAAAAAAAAAAAAAAAAAA
AA=="	Furil
0	275005	C1=CSC(=C1)C(=O)C(=O)C2=CC=CS2	1,2-dithiophen-2-ylethane-1,2-dione	"AAADcYBwMABgAAAAAAAAAAAAAAAAASJAAAAAAAAAAAAAAAAB4AAAGgQAAAAACASE0ACwAYAAAAiM
AKBSAAADAIAkCBBIiBkAAMgIIDKgFRCAAQAggAAoiYcIiIAAAAAAAAAAAAAAAAAAAAAAAAAAAAAA
AA=="	1,2-Di(thiophen-2-yl)ethane-1,2-dione
0	123072	C1=CC(=CC=C1C(=O)C(=O)C2=CC=C(C=C2)F)F	1,2-bis(4-fluorophenyl)ethane-1,2-dione	"AAADccBwMYAAAAAAAAAAAAAAAAAAAAAAAAAwYAAAAAAAAAABQAAAGwAAAAAADASAmAgwAIAAAACI
AqBSAAACAAAkAAAIiAEAAMgIIDKAFRCAIQAggAAIiYcIiMCOAAAAAAAAAAAAAAAAAAAAAAAAAAAA
AA=="	4,4'-Difluorobenzil
0	76996	CC1=CC=C(C=C1)C(=O)C(=O)C2=CC=C(C=C2)C	1,2-bis(4-methylphenyl)ethane-1,2-dione	"AAADccB4MAAAAAAAAAAAAAAAAAAAAAAAAAAwYAAAAAAAAAABQAAAGgAAAAAADASAmAAyAIAAAACI
AqBSAAACAAAkAAAIiAEAAMgIIDKAFRCAIQAggAAIiYcIiMCOQAAAAAAAAACAAAAAAAAAAAAAAAAA
AA=="	4,4'-Dimethylbenzil
0	7038	C1=CC=C(C=C1)C(=O)C2=CC=CC=N2	phenyl(pyridin-2-yl)methanone	"AAADccByIAAAAAAAAAAAAAAAAAAAAAAAAAA8QAAAAAAAAAABwAAAHgAAAAAADAzBngQ8gJIIEACo
A7R3RACCgCA3AiAI2CG4ZNgIIPLAlbGEIQhggADIyYcYiMCOAAAAAAAAAAAAAAAAAAAAAAAAAAAA
AA=="	2-Benzoylpyridine
0	9294	CC(C(C1=CC=CC=C1)O)NC	(1R,2S)-2-(methylamino)-1-phenylpropan-1-ol	"AAADccByIAAAAAAAAAAAAAAAAAAAAAAAAAAwAAAAAAAAAAABAAAAHgAQCAAADDzhmAYyAILAAgCA
AiBCAAACAAAgAAAIiIAICIgKNiKAkRGEcAAk0AEYmAeQwKAOAAAAAAAAAAAAAAAAAAAAAAAAAAAA
AA=="	Ephedrine
1	6922965	CC(C(C1=CC=CC=C1)O)[NH2+]C	[(1R,2S)-1-hydroxy-1-phenylpropan-2-yl]-methylazanium	"AAADceByIAAAAAAAAAAAAAAAAAAAAAAAAAAwAAAAAAAAAAABAAAAHgAQCAAADDzhmAYyAILAAgCA
AiBCAAACAAAgAAAIiIAICIgKNiKAkRGEcAAk0AEYmAeQwKAOAAAAAAAAAAAAAAAAAAAAAAAAAAAA
AA=="	(-)-Ephedrinium
0	7166	CC(=O)CC(=O)C1=CC=CC=C1	1-phenylbutane-1,3-dione	"AAADccBwMAAAAAAAAAAAAAAAAAAAAAAAAAAwAAAAAAAAAAABAAAAGgAAAAAADASAmAAyAIAAAACI
AqBSAAACAAAkAAAIiAEAAMgIIDKIFRCAIQAggAAIiYcIiICOAAAAAAAAAAAAAAAAAAAAAAAAAAAA
AA=="	Benzoylacetone
0	7148	CCC(=O)C1=CC=CC=C1	1-phenylpropan-1-one	"AAADccBwIAAAAAAAAAAAAAAAAAAAAAAAAAAwAAAAAAAAAAABAAAAGgAAAAAADASAmAAyAIAAAACI
AqBSAAACAAAkAAAIiAEAAMgIIDKAFRCAIQAggAAIiYcIiICOAAAAAAAAAAAAAAAAAAAAAAAAAAAA
AA=="	Propiophenone
0	10757	C1=CC=C(C=C1)C(=O)CCl	2-chloro-1-phenylethanone	"AAADcYBwIAAEAAAAAAAAAAAAAAAAAAAAAAAwAAAAAAAAAAABAAAAGgIAAAAADAeAmEAwAIAAAACI
AqBSAAACAAAkAAAIiAEAAshIIDKBFRCAIQAggAAIiYcIiICOAAAAAAAAAAAAAAAAAAAAAAAAAAAA
AA=="	2-Chloroacetophenone
0	141853	C1=CSC(=C1)C(=O)CC#N	3-oxo-3-thiophen-2-ylpropanenitrile	"AAADcYBiIABAAAAAAAAAAAAAAAAAASAAAAAAAAAAAAAAAAABgAAAHgQAAAAACASF0ACwAYAAAAic
BKBSAAADAIAkCBBIiBkAAMgIoDKgFRCAAQAggAAoiY8IgAAAAAAAAAAAAAAAAAAAAAAAAAAAAAAA
AA=="	2-Thenoylacetonitrile
0	70295	C1=CC=C(C=C1)C(=O)CCCl	3-chloro-1-phenylpropan-1-one	"AAADccBwIAAEAAAAAAAAAAAAAAAAAAAAAAAwAAAAAAAAAAABAAAAGgIAAAAADAeAmEAwAIAAAACI
AqBSAAACAAAkAAAIiAEAAsgIIDKBFRCAIQAggAAIiYcIiICOAAAAAAAAAAAAAAAAAAAAAAAAAAAA
AA=="	3-Chloropropiophenone
0	441034	C(C1C(C(C(C(O1)O)O)O)O)O	(3S,4R,5R,6R)-6-(hydroxymethyl)oxane-2,3,4,5-tetrol	"AAADccBgOAAAAAAAAAAAAAAAAAAAAAAAAAAkAAAAAAAAAAAAAAAAGgAACAAACBSwgAMACAAABgAA
AAAAAAAAAAAAAAAAAAAAAAAREAIAAAACQAAFAAAHAAHAYAQAAAAAAAAAAAAAAAAAAAAAAAAAAAAA
AA=="	D-Idose
0	6013	CC12CCC3C(C1CCC2O)CCC4=CC(=O)CCC34C	(8R,9S,10R,13S,14S,17S)-17-hydroxy-10,13-dimethyl-1,2,6,7,8,9,11,12,14,15,16,17-dodecahydrocyclopenta[a]phenanthren-3-one	"AAADceB4MAAAAAAAAAAAAAAAAAAAAYAAAAAwYIAAAAAAAGDAAAAAGgAACAAADxSggAICAAAAAgCI
AqBSAAAAAAAgAAAACAEAAEgAEBIAAQAAQAAEgAAIAQOIyPCPgAAAAAAAAACAAAQAACAAAIAADAAA
AA=="	Testosterone
0	5881	CC12CCC3C(C1CCC2=O)CC=C4C3(CCC(C4)O)C	(3S,8R,9S,10R,13S,14S)-3-hydroxy-10,13-dimethyl-1,2,3,4,7,8,9,11,12,14,15,16-dodecahydrocyclopenta[a]phenanthren-17-one	"AAADceB4MAAAAAAAAAAAAAAAAAAAAYAAAAAwYIAAAAAAAGCAAAAAGgAACAAADxSggAICAAAAAgCI
AqBSAAAAAAAgAAAACAEAAAgAEBIAAQAAQAAEwAAIAAOIyPCPgAAAAAAAAADAAAQAACAAAAAACAAA
AA=="	Dehydroepiandrosterone
0	8955	CC(=O)C1CCC2C1(CCC3C2CC=C4C3(CCC(C4)O)C)C	1-[(3S,8S,9S,10R,13S,14S,17S)-3-hydroxy-10,13-dimethyl-2,3,4,7,8,9,11,12,14,15,16,17-dodecahydro-1H-cyclopenta[a]phenanthren-17-yl]ethanone	"AAADcfB4MAAAAAAAAAAAAAAAAAAAAYAAAAAwYIAAAAAAAGCAAAAAGgAACAAADxSggAICAAAAAgCI
AqBSAAAAAAAgAAAACAEAAAgAEBIAAQAAQAAEwAAIAAOIyPCPgAAAAAAAAADAAAQAACAAAQAACAAA
AA=="	Pregnenolone
0	92787	CC(=O)C1CCC2C1(CCC3C2CCC4C3(CCC(C4)O)C)C	1-[(3S,5S,8R,9S,10S,13S,14S,17S)-3-hydroxy-10,13-dimethyl-2,3,4,5,6,7,8,9,11,12,14,15,16,17-tetradecahydro-1H-cyclopenta[a]phenanthren-17-yl]ethanone	"AAADcfB4MAAAAAAAAAAAAAAAAAAAAYAAAAAwYMAAAAAAAGDAAAAAGgAACAAADxSggAICAAAAAgAI
AIAQAAAAAAAAAAAAAAEAAAAAEBIAAAAAQAAEAAAAAAGIyPCPgAAAAAAAAADAAAYAACAAAQAACAAA
AA=="	3beta-Hydroxy-5alpha-pregnan-20-one
0	92745	CC(=O)C1CCC2C1(CCC3C2CCC4C3(CCC(=O)C4)C)C	(5R,8R,9S,10S,13S,14S,17S)-17-acetyl-10,13-dimethyl-1,2,4,5,6,7,8,9,11,12,14,15,16,17-tetradecahydrocyclopenta[a]phenanthren-3-one	"AAADcfB4MAAAAAAAAAAAAAAAAAAAAYAAAAAwYMAAAAAAAGDAAAAAGgAAAAAADwSAgAACAAAAAAAI
AIAQAAAAAAAAAAAAAAEAAAAAABIAAAAAAAAAAAAAAAEIiMCPgAAAAAAAAACAAAQAACAAAQAACAAA
AA=="	5beta-Pregnane-3,20-dione
0	228491	CC(=O)C1CCC2C1(CCC3C2CCC4C3(CCC(C4)O)C)C	1-[(3S,5R,8R,9S,10S,13S,14S,17S)-3-hydroxy-10,13-dimethyl-2,3,4,5,6,7,8,9,11,12,14,15,16,17-tetradecahydro-1H-cyclopenta[a]phenanthren-17-yl]ethanone	"AAADcfB4MAAAAAAAAAAAAAAAAAAAAYAAAAAwYMAAAAAAAGDAAAAAGgAACAAADxSggAICAAAAAgAI
AIAQAAAAAAAAAAAAAAEAAAAAEBIAAAAAQAAEAAAAAAGIyPCPgAAAAAAAAADAAAYAACAAAQAACAAA
AA=="	Epipregnanolone
0	7058028	C1CC(C2=CC=CC=C2C1)O	(1R)-1,2,3,4-tetrahydronaphthalen-1-ol	"AAADccBwIAAAAAAAAAAAAAAAAAAAAAAAAAAwYAAAAAAAAADBAAAAGgAACAAADBSgmAIwAIAAAgCA
AiBCAAACAAAgAAAIiAAACIgINiKAERCAcAAkwAEImAeAwLAOgAAAAAAQAAAAAAIAADAAAAAAAAAA
AA=="	(R)-(-)-1,2,3,4-Tetrahydro-1-naphthol
0	7058029	C1CC(C2=CC=CC=C2C1)O	(1S)-1,2,3,4-tetrahydronaphthalen-1-ol	"AAADccBwIAAAAAAAAAAAAAAAAAAAAAAAAAAwYAAAAAAAAADBAAAAGgAACAAADBSgmAIwAIAAAgCA
AiBCAAACAAAgAAAIiAAACIgINiKAERCAcAAkwAEImAeAwLAOgAAAAAAQAAAAAAIAADAAAAAAAAAA
AA=="	(S)-(+)-1,2,3,4-Tetrahydro-1-naphthol
0	6971242	C1CC2=CC=CC=C2C1O	(1S)-2,3-dihydro-1H-inden-1-ol	"AAADccBwIAAAAAAAAAAAAAAAAAAAAYAAAAAwAAAAAAAAAGABAAAAGgAACAAADBSgmAIwAIAAAgCA
AiBCAAACAAAgAAAIiAAACIgINiKAERCAcAAkwAEImAeAwKAOgAAAAAAQAAAAAAAAACAAAIAADAAA
AA=="	(S)-(+)-1-Indanol
0	12222795	CC1(C2CCC1(C(=O)C2=O)C)C	(1S)-1,7,7-trimethylbicyclo[2.2.1]heptane-2,3-dione	"AAADccBwMAAAAAAAAAAAAAAAAAAAAYMAAAAwAAAAAAAAAAAAAAAAGgAAAAAADwSAgAACAAAAAAAI
AIAQAAAAAAAAAAAAAAEAAAAAABIAAAAAAAAAAAAAAAEIisCPgAAAAAAAAACAAAAAAAAAAQAACAAA
AA=="	(1S)-camphorquinone
0	13198	C1CC=CC(C1)O	cyclohex-2-en-1-ol	"AAADccBgIAAAAAAAAAAAAAAAAAAAAAAAAAAgAAAAAAAAAAAAAAAAGgAACAAACBSggAIAAAAAAgCA
ACBCAAAAAAAgAAAICAAAAAgAFAIAAQAAUAAEgAAIEAOAAAAAAAAAAAAAAAAAAAAAAAAAAAAAAAAA
AA=="	2-Cyclohexen-1-OL
0	164890	CC12CCC3C(C1CCC2O)CCC4=CC(CCC34C)O	(3R,8R,9S,10R,13S,14S,17S)-10,13-dimethyl-2,3,6,7,8,9,11,12,14,15,16,17-dodecahydro-1H-cyclopenta[a]phenanthrene-3,17-diol	"AAADceB4MAAAAAAAAAAAAAAAAAAAAYAAAAAwYIAAAAAAAGDAAAAAGgAACAAADxSggAICAAAAAgCA
AiBCAAAAAAAgAAAACAAAAAgAFAIAAQAAUAAEgAAIEAOAwPAPgAAAAAAAAACAAAQAACAAAIAADAAA
AA=="	4-Androstene-3alpha,17beta-diol
0	10634	CC12CCC3C(C1CCC2O)CC=C4C3(CCC(C4)O)C	(3S,8R,9S,10R,13S,14S,17S)-10,13-dimethyl-2,3,4,7,8,9,11,12,14,15,16,17-dodecahydro-1H-cyclopenta[a]phenanthrene-3,17-diol	"AAADceB4MAAAAAAAAAAAAAAAAAAAAYAAAAAwYIAAAAAAAGCAAAAAGgAACAAADxSggAICAAAAAgCA
AiBCAAAAAAAgAAAACAAAAAgAEAIAAQAAQAAEwAAIAAOAwPAPgAAAAAAAAADAAAQAACAAAIAADAAA
AA=="	Androstenediol
0	5879	CC12CCC(CC1CCC3C2CCC4(C3CCC4=O)C)O	(3R,5S,8R,9S,10S,13S,14S)-3-hydroxy-10,13-dimethyl-1,2,3,4,5,6,7,8,9,11,12,14,15,16-tetradecahydrocyclopenta[a]phenanthren-17-one	"AAADceB4MAAAAAAAAAAAAAAAAAAAAYAAAAAwYMAAAAAAAGDAAAAAGgAACAAADxSggAICAAAAAgAI
AIAQAAAAAAAAAAAAAAEAAAAAEBIAAAAAQAAEAAAAAAGIyPCPgAAAAAAAAADAAAYAACAAAAAACAAA
AA=="	Androsterone
0	441302	CC12CCC(CC1CCC3C2CCC4(C3CCC4=O)C)O	(3S,5S,8R,9S,10S,13S,14S)-3-hydroxy-10,13-dimethyl-1,2,3,4,5,6,7,8,9,11,12,14,15,16-tetradecahydrocyclopenta[a]phenanthren-17-one	"AAADceB4MAAAAAAAAAAAAAAAAAAAAYAAAAAwYMAAAAAAAGDAAAAAGgAACAAADxSggAICAAAAAgAI
AIAQAAAAAAAAAAAAAAEAAAAAEBIAAAAAQAAEAAAAAAGIyPCPgAAAAAAAAADAAAYAACAAAAAACAAA
AA=="	Epiandrosterone
0	11302	CC12CCC(=O)CC1CCC3C2CCC4(C3CCC4O)C	(5R,8R,9S,10S,13S,14S,17S)-17-hydroxy-10,13-dimethyl-1,2,4,5,6,7,8,9,11,12,14,15,16,17-tetradecahydrocyclopenta[a]phenanthren-3-one	"AAADceB4MAAAAAAAAAAAAAAAAAAAAYAAAAAwYMAAAAAAAGDAAAAAGgAACAAADxSggAICAAAAAgAI
AIAQAAAAAAAAAAAAAAEAAAAAEBIAAAAAQAAEAAAAAAGIyPCPgAAAAAAAAACAAAQAACAAAIAADAAA
AA=="	5beta-Dihydrotestosterone
0	247732	CC12CCC(CC1CCC3C2CCC4(C3CCC4=O)C)O	(3S,5R,8R,9S,10S,13S,14S)-3-hydroxy-10,13-dimethyl-1,2,3,4,5,6,7,8,9,11,12,14,15,16-tetradecahydrocyclopenta[a]phenanthren-17-one	"AAADceB4MAAAAAAAAAAAAAAAAAAAAYAAAAAwYMAAAAAAAGDAAAAAGgAACAAADxSggAICAAAAAgAI
AIAQAAAAAAAAAAAAAAEAAAAAEBIAAAAAQAAEAAAAAAGIyPCPgAAAAAAAAADAAAYAACAAAAAACAAA
AA=="	Epietiocholanolone
1	12306769	CC12CCC(CC1CCC3C2CCC4(C3CCC4=O)C)O	(3S,5R,9S,10S,13S,14S)-3-hydroxy-10,13-dimethyl-1,2,3,4,5,6,7,8,9,11,12,14,15,16-tetradecahydrocyclopenta[a]phenanthren-17-one	"AAADceB4MAAAAAAAAAAAAAAAAAAAAYAAAAAwYMAAAAAAAGDAAAAAGgAACAAADxSggAICAAAAAgAI
AIAQAAAAAAAAAAAAAAEAAAAAEBIAAAAAQAAEAAAAAAGIyPCPgAAAAAAAAADAAAYAACAAAAAACAAA
AA=="	5beta-Androstan-3beta-ol-17-one
0	134494	CC12CCC(CC1CCC3C2CCC4(C3CCC4O)C)O	(3R,5R,8R,9S,10S,13S,14S,17S)-10,13-dimethyl-2,3,4,5,6,7,8,9,11,12,14,15,16,17-tetradecahydro-1H-cyclopenta[a]phenanthrene-3,17-diol	"AAADcfB4MAAAAAAAAAAAAAAAAAAAAYAAAAAwYMAAAAAAAGDAAAAAGgAACAAADxSggAICAAAAAgAA
AAAAAAAAAAAAAAAAAAAAAAAAEAIAAAAAQAAEAAAAAAGAwPAPgAAAAAAAAADAAAYAACAAAIAADAAA
AA=="	5beta-Androstane-3alpha,17beta-diol
0	9922115	CC12CCC(CC1CCC3C2CCC4(C3CCC4O)C)O	(3S,5R,8R,9S,10S,13S,14S,17S)-10,13-dimethyl-2,3,4,5,6,7,8,9,11,12,14,15,16,17-tetradecahydro-1H-cyclopenta[a]phenanthrene-3,17-diol	"AAADcfB4MAAAAAAAAAAAAAAAAAAAAYAAAAAwYMAAAAAAAGDAAAAAGgAACAAADxSggAICAAAAAgAA
AAAAAAAAAAAAAAAAAAAAAAAAEAIAAAAAQAAEAAAAAAGAwPAPgAAAAAAAAADAAAYAACAAAIAADAAA
AA=="	5beta-Androstane-3beta,17beta-diol
0	71308401	CC(C1CCC2C1(CCC3C2CCC4C3(CCC(=O)C4)C)C)O	(5R,8R,9S,10S,13S,14S,17S)-17-[(1S)-1-hydroxyethyl]-10,13-dimethyl-1,2,4,5,6,7,8,9,11,12,14,15,16,17-tetradecahydrocyclopenta[a]phenanthren-3-one	"AAADcfB4MAAAAAAAAAAAAAAAAAAAAYAAAAAwYMAAAAAAAGDAAAAAGgAACAAADxSggAICAAAAAgAI
AIAQAAAAAAAAAAAAAAEAAAAAEBIAAAAAQAAEAAAAAAGIyPCPgAAAAAAAAACAAAQAACAAAQAACAAA
AA=="	(5beta)-20-Hydroxypregnan-3-one
1	86289620	CC(C1CCC2C1(CCC3C2CCC4C3(CCC(=O)C4)C)C)O	(5R,8R,9S,10S,13S,14S,17S)-17-[(1R)-1-hydroxyethyl]-10,13-dimethyl-1,2,4,5,6,7,8,9,11,12,14,15,16,17-tetradecahydrocyclopenta[a]phenanthren-3-one	"AAADcfB4MAAAAAAAAAAAAAAAAAAAAYAAAAAwYMAAAAAAAGDAAAAAGgAACAAADxSggAICAAAAAgAI
AIAQAAAAAAAAAAAAAAEAAAAAEBIAAAAAQAAEAAAAAAGIyPCPgAAAAAAAAACAAAQAACAAAQAACAAA
AA=="	5beta-Pregnan-20alpha-ol-3-one
0	5373729	CC1=C(C(CCC1)(C)C)C=CC(C)O	(E)-4-(2,6,6-trimethylcyclohexen-1-yl)but-3-en-2-ol	"AAADceBwIAAAAAAAAAAAAAAAAAAAAAAAAAAgAAAAAAAAAAAAAAAAGgAACAAADhSggAICAAAAAgCA
AiBCAAAAAAAgAAAICAAAAAgIFAIAAQAAEAAAgAAIkAMAgMAPAAAAAAAAAAAAAAAAAAAAAAAAAAAA
AA=="	beta-Ionol
0	152287	C1=CC(C(C=C1)O)O	(1S,2S)-cyclohexa-3,5-diene-1,2-diol	"AAADccBgMAAAAAAAAAAAAAAAAAAAAAAAAAAgAAAAAAAAAAAAAAAAGgAACAAACBSggAIAAAAAAgCA
ACBCAAAAAAAgAAAICAAAAAgJFAAAAQAAUAAAwAAJkAIAAAAAAAAAAAAAAAAAAAAAAAAAAAAAAAAA
AA=="	(1S,2S)-cyclohexa-3,5-diene-1,2-diol
0	541	C1=CC(=CC=C1C=O)[N+](=O)[O-]	4-nitrobenzaldehyde	"AAADcYBiMAAAAAAAAAAAAAAAAAAAAAAAAAAwAAAAAAAAAAABAAAAHgAEAAAADAihmAIwwIAQQACJ
AixSwwCCAAAkAgAoiAEAZMoIIDKAlZGAIQBggAAIyYcYiQCeCAAAAAAAAAAQAAAAAAAAAAAAAAAA
AA=="	4-Nitrobenzaldehyde
0	92747	CC(C1CCC2C1(CCC3C2CCC4=CC(=O)CCC34C)C)O	(8S,9S,10R,13S,14S,17S)-17-[(1R)-1-hydroxyethyl]-10,13-dimethyl-1,2,6,7,8,9,11,12,14,15,16,17-dodecahydrocyclopenta[a]phenanthren-3-one	"AAADcfB4MAAAAAAAAAAAAAAAAAAAAYAAAAAwYIAAAAAAAGDAAAAAGgAACAAADxSggAICAAAAAgCI
AqBSAAAAAAAgAAAACAEAAEgAEBIAAQAAQAAEgAAIAQOIyPCPgAAAAAAAAACAAAQAACAAAQAACAAA
AA=="	(20R)-20-Hydroxypregn-4-en-3-one
0	7858	C=CCO	prop-2-en-1-ol	"AAADcYBAIAAAAAAAAAAAAAAAAAAAAAAAAAAAAAAAAAAAAAAAAAAAGgAACAAACACggAIAAAAAAgCA
ACBCAAAAAAAAAAAIAAAAAAAAFAAAAQAAAAAAAAAAEAAAAAAAAAAAAAAAAAAAAAAAAAAAAAAAAAAA
AA=="	Allyl alcohol
0	442495	CC1CCC(=C(C)C)C(=O)C1	(5R)-5-methyl-2-propan-2-ylidenecyclohexan-1-one	"AAADceBwIAAAAAAAAAAAAAAAAAAAAAAAAAAwAAAAAAAAAAAAAAAAGgAAAAAADQSAgAACAAAAAACI
AoBQAAAAAAAgAAAACAEAAEgAABIAAAAAAAAAgAAIAQMIiAAOAAAAAAAAAAAAAAAAAAAAAAAAAAAA
AA=="	Pulegone
0	638012	CC1CCC(=C(C)C)C(=O)C1	(5S)-5-methyl-2-propan-2-ylidenecyclohexan-1-one	"AAADceBwIAAAAAAAAAAAAAAAAAAAAAAAAAAwAAAAAAAAAAAAAAAAGgAAAAAADQSAgAACAAAAAACI
AoBQAAAAAAAgAAAACAEAAEgAABIAAAAAAAAAgAAIAQMIiAAOAAAAAAAAAAAAAAAAAAAAAAAAAAAA
AA=="	(-)-Pulegone
0	20848931	CC(CO)C(=O)[O-]	(2R)-3-hydroxy-2-methylpropanoate	"AAADcYBgMAAAAAAAAAAAAAAAAAAAAAAAAAAAAAAAAAAAAAAAAAAAGgAACAAADQCggAICCAAAAgAI
AACQCAAAAAAAAAAAAAEAAAAAEAQAAAAAQAABIAAAAAAAAAAAAAAAAAAAAAAAAAAAAAAAAAAAAAAA
AA=="	(R)-3-hydroxy-2-methylpropanoate
0	18637352	CC(CO)C(=O)[O-]	(2S)-3-hydroxy-2-methylpropanoate	"AAADcYBgMAAAAAAAAAAAAAAAAAAAAAAAAAAAAAAAAAAAAAAAAAAAGgAACAAADQCggAICCAAAAgAI
AACQCAAAAAAAAAAAAAEAAAAAEAQAAAAAQAABIAAAAAAAAAAAAAAAAAAAAAAAAAAAAAAAAAAAAAAA
AA=="	(S)-3-hydroxy-2-methylpropanoate
0	11429	CCC(CO)O	butane-1,2-diol	"AAADccBgMAAAAAAAAAAAAAAAAAAAAAAAAAAAAAAAAAAAAAAAAAAAGgAACAAACBSggAICAAAAAgAA
AAAAAAAAAAAAAAAAAAAAAAABEAAAAAAAQAAEAAABAAAAAAAAAAAAAAAAAAAAAAAAAAAAAAAAAAAA
AA=="	1,2-Butanediol
0	1122	C(=O)C(C(=O)O)O	2-hydroxy-3-oxopropanoic acid	"AAADcYBAOAAAAAAAAAAAAAAAAAAAAAAAAAAAAAAAAAAAAAAAAAAAGgAACAAACBSggAIACAAAAgAI
AAiQiAIAAAAAAAAAAAFAAAABEAQIAAAAQAAAIAABAAAAAAAAAAAAAAAAAAAAAAAAAAAAAAAAAAAA
AA=="	2-Hydroxy-3-oxopropanoic acid
1	22134427	C(=O)C(C(=O)[O-])O	2-hydroxy-3-oxopropanoate	"AAADcQBAOAAAAAAAAAAAAAAAAAAAAAAAAAAAAAAAAAAAAAAAAAAAGgAACAAACBSggAIACAAAAgAI
AAiQiAIAAAAAAAAAAAFAAAABEAQIAAAAAAAAIAABAAAAAAAAAAAAAAAAAAAAAAAAAAAAAAAAAAAA
AA=="	2-Hydroxy-3-oxopropanoate
0	22298942	CC(CCC=C(C)C)C1CCC2C1(CCC3=C2CCC4C3(CCC(=O)C4)C)C	(5S,10S,13R,14R,17R)-10,13-dimethyl-17-[(2R)-6-methylhept-5-en-2-yl]-1,2,4,5,6,7,11,12,14,15,16,17-dodecahydrocyclopenta[a]phenanthren-3-one	"AAADcfB4IAAAAAAAAAAAAAAAAAAAAYAAAAAwQIAAAAAAAEDAAAAAGgAAAAAADwSAgAACAAAAAACI
AqBSAAAAAAAgAAAACAEAAAgAABIAAQAAAAAAgAAIAAMIiMCPgAAAAAAAAAAAAAAAACAAAQAACAAA
AA=="	5alpha-Cholesta-8,24-dien-3-one
0	5757	CC12CCC3C(C1CCC2O)CCC4=C3C=CC(=C4)O	(8R,9S,13S,14S,17S)-13-methyl-6,7,8,9,11,12,14,15,16,17-decahydrocyclopenta[a]phenanthrene-3,17-diol	"AAADceB4MAAAAAAAAAAAAAAAAAAAAYAAAAAwYMAAAAAAAGDBAAAAGgAACAAADxSgmAIyBoAAAgCA
AiBCAAACAAAgIAAIiAAGCIgINiKCERKAcAAkwBEImAeAwPAPoAABAAAQAADAAAYAACAAAIAADAAA
AA=="	Estradiol
0	6128	CC12CCC(=O)C=C1CCC3C2CCC4(C3CCC4=O)C	(8R,9S,10R,13S,14S)-10,13-dimethyl-2,6,7,8,9,11,12,14,15,16-decahydro-1H-cyclopenta[a]phenanthrene-3,17-dione	"AAADceB4MAAAAAAAAAAAAAAAAAAAAYAAAAAwYIAAAAAAAGDAAAAAGgAAAAAADwSAgAACAAAAAACI
AqBSAAAAAAAgAAAACAEAAEgAABIAAQAAAAAAgAAIAQMIiMCPgAAAAAAAAACAAAQAACAAAAAACAAA
AA=="	Androstenedione
0	7058029	C1CC(C2=CC=CC=C2C1)O	(1S)-1,2,3,4-tetrahydronaphthalen-1-ol	"AAADccBwIAAAAAAAAAAAAAAAAAAAAAAAAAAwYAAAAAAAAADBAAAAGgAACAAADBSgmAIwAIAAAgCA
AiBCAAACAAAgAAAIiAAACIgINiKAERCAcAAkwAEImAeAwLAOgAAAAAAQAAAAAAIAADAAAAAAAAAA
AA=="	(S)-(+)-1,2,3,4-Tetrahydro-1-naphthol
0	6445537	CCCCCC(=O)C=CC=O	(E)-4-oxonon-2-enal	"AAADccBwMAAAAAAAAAAAAAAAAAAAAAAAAAAAAAAAAAAAAAAAAAAAGgAAAAAACASggAICAAAAAACI
AKhSgAAAAAAgAAAICAEAAEgAABIAAQAAAAAAgAAIAYMIiAAAAAAAAAAAAAAAAAAAAAAAAAAAAAAA
AA=="	4-Oxo-2-nonenal
0	5780	C(C(C(C(C(CO)O)O)O)O)O	(2R,3R,4R,5S)-hexane-1,2,3,4,5,6-hexol	"AAADccBgOAAAAAAAAAAAAAAAAAAAAAAAAAAAAAAAAAAAAAAAAAAAGgAACAAACBSggAIAAAAAAgAA
AAAAAAAAAAAAAAAAAAAAAAABEAIAAAAAQAAFAAABAAHAYAQAAAAAAAAAAAAAAAAAAAAAAAAAAAAA
AA=="	Sorbitol
0	94154	C(C(C(C(CO)O)O)O)O	(2R,4R)-pentane-1,2,3,4,5-pentol	"AAADccBgOAAAAAAAAAAAAAAAAAAAAAAAAAAAAAAAAAAAAAAAAAAAGgAACAAACBSggAIAAAAAAgAA
AAAAAAAAAAAAAAAAAAAAAAABEAIAAAAAQAAFAAABAADAIAAAAAAAAAAAAAAAAAAAAAAAAAAAAAAA
AA=="	D-Arabinitol
0	82170	C(C(C(C(C(CO)O)O)O)O)O	(2R,3S,4S,5S)-hexane-1,2,3,4,5,6-hexol	"AAADccBgOAAAAAAAAAAAAAAAAAAAAAAAAAAAAAAAAAAAAAAAAAAAGgAACAAACBSggAIAAAAAAgAA
AAAAAAAAAAAAAAAAAAAAAAABEAIAAAAAQAAFAAABAAHAYAQAAAAAAAAAAAAAAAAAAAAAAAAAAAAA
AA=="	L-Glucitol
0	10690	C(C(C(C(C(C(=O)O)O)O)O)O)O	(2R,3S,4R,5R)-2,3,4,5,6-pentahydroxyhexanoic acid	"AAADccBgOAAAAAAAAAAAAAAAAAAAAAAAAAAAAAAAAAAAAAAAAAAAGgAACAAACBSggAIACAAAAgAI
AACQCAIAAAAAAAAAAAFAAAABEBYAAAAAQAAFIAABAAHKbARAAAAAAAAAAAAAAAAAAAAAAAAAAAAA
AA=="	Gluconic acid
0	638015	CC1=C(C(CCC1)(C)C)C=CC(=CC=CC(=CC=O)C)C	(2E,4E,6E,8E)-3,7-dimethyl-9-(2,6,6-trimethylcyclohexen-1-yl)nona-2,4,6,8-tetraenal	"AAADceB4IAAAAAAAAAAAAAAAAAAAAAAAAAAgAAAAAAAAAAAAAAAAGgAAAAAADgCggAICAAAAAACI
AihSgAAAAAAgAAAICAAAAEgIAAIAAQAAAAAAgAAIgQMAgMAPAAAAAAAAAAAAAAAAAAAAAAAAAAAA
AA=="	Retinal
0	8991	COC1=CC=CC(=C1O)C=O	2-hydroxy-3-methoxybenzaldehyde	"AAADccBwMAAAAAAAAAAAAAAAAAAAAAAAAAAwAAAAAAAAAAABAAAAGgAACAAADASgmAIyBoAABgCI
AihSgAACCAAkIAAIiAEGiMgNJjaGNRqAcWMk4BELuYeKyDCOAAABAAAIQAAAAAIAABCAAAAAAAAA
AA=="	2-Hydroxy-3-methoxybenzaldehyde
0	8658	COC1=CC=CC=C1C=O	2-methoxybenzaldehyde	"AAADccBwMAAAAAAAAAAAAAAAAAAAAAAAAAAwAAAAAAAAAAABAAAAGgAAAAAADASgmAIyBoAABACI
AihSgAACCAAkIAAIiAEGCMgMJjaENRqAMWAk4BEIqYeIyCCOAAAAAAAIAAAAAAAAABAAAAAAAAAA
AA=="	2-Methoxybenzaldehyde
0	8419	COC1=C(C=C(C=C1)C=O)OC	3,4-dimethoxybenzaldehyde	"AAADccBwMAAAAAAAAAAAAAAAAAAAAAAAAAAwAAAAAAAAAAABAAAAGgAAAAAADASgmAIyBoAABACI
AihSgAACCAAkIAAIiAEGiMgNJjKENRqAMSIkwBEKqYeKzBDOIAABAAAAQABAAAIAAACAAAAAAAAA
AA=="	Veratraldehyde
0	7707	C1=CC=C(C=C1)CCC=O	3-phenylpropanal	"AAADccBwIAAAAAAAAAAAAAAAAAAAAAAAAAAwAAAAAAAAAAABAAAAGgAAAAAADACgmAIwAIAAAACI
AihSgAACAAAgAAAIiAEAAIgIIDKAERCAIAAggAAIiAcIiICOAAAAAAAAAAAAAAAAAAAAAAAAAAAA
AA=="	3-Phenylpropanal
0	643731	CCC=CCCC=CC=O	(2E,6Z)-nona-2,6-dienal	"AAADccBwIAAAAAAAAAAAAAAAAAAAAAAAAAAAAAAAAAAAAAAAAAAAGgAAAAAACACggAICAAAAAACI
AChSgAAAAAAgAAAICAAAAEgAAAAAAQAAAAAAgAAIAYIAAAAAAAAAAAAAAAAAAAAAAAAAAAAAAAAA
AA=="	trans-2,cis-6-Nonadienal
0	5281168	CCCC=CC=O	(E)-hex-2-enal	"AAADccBgIAAAAAAAAAAAAAAAAAAAAAAAAAAAAAAAAAAAAAAAAAAAGgAAAAAACACggAICAAAAAACI
AChSgAAAAAAgAAAICAAAAEgAAAAAAQAAAAAAgAAIAYIAAAAAAAAAAAAAAAAAAAAAAAAAAAAAAAAA
AA=="	2-Hexenal
0	6950288	CC(CCC(C)O)O	(2S,5S)-hexane-2,5-diol	"AAADccBgMAAAAAAAAAAAAAAAAAAAAAAAAAAAAAAAAAAAAAAAAAAAGgAACAAACBSggAICAAAAAgAA
AAAAAAAAAAAAAAAAAAAAAAAAEAIAAAAAQAAEAAAAAAHAAAAAAAAAAAAAAAAAAAAAAAAAAAAAAAAA
AA=="	(2S,5S)-hexane-2,5-diol
0	444683	CCC(C)O	(2S)-butan-2-ol	"AAADccBgIAAAAAAAAAAAAAAAAAAAAAAAAAAAAAAAAAAAAAAAAAAAGgAACAAACBSggAICAAAAAgAA
AAAAAAAAAAAAAAAAAAAAAAAAEAAAAAAAQAAAAAAAAAAAAAAAAAAAAAAAAAAAAAAAAAAAAAAAAAAA
AA=="	(S)-(+)-2-butanol
0	22386	CCCC(C)O	pentan-2-ol	"AAADccBgIAAAAAAAAAAAAAAAAAAAAAAAAAAAAAAAAAAAAAAAAAAAGgAACAAACBSggAICAAAAAgAA
AAAAAAAAAAAAAAAAAAAAAAAAEAIAAAAAQAAEAAAAAAAAAAAAAAAAAAAAAAAAAAAAAAAAAAAAAAAA
AA=="	2-Pentanol
0	11262	CCC(C)C(=O)C	3-methylpentan-2-one	"AAADccBgIAAAAAAAAAAAAAAAAAAAAAAAAAAAAAAAAAAAAAAAAAAAGgAAAAAADQSAgAACAAAAAAAI
AIAQAAAAAAAAAAAAAAEAAAAAABIAAAAAAAAAAAAAAAAAAAAKAAAAAAAAAAAAAAAAAAAAAAAAAAAA
AA=="	3-Methyl-2-pentanone
0	650	CC(=O)C(=O)C	butane-2,3-dione	"AAADcYBgMAAAAAAAAAAAAAAAAAAAAAAAAAAAAAAAAAAAAAAAAAAAGgAAAAAACASAgAACAAAAAAAI
AIAQAAAAAAAAAAAAAAEAAAAAAAAAAAAAAAAAAAAAAAAAAAAAAAAAAAAAAAAAAAAAAAAAAAAAAAAA
AA=="	2,3-Butanedione
0	880	CC(=O)C=O	2-oxopropanal	"AAADcYBAMAAAAAAAAAAAAAAAAAAAAAAAAAAAAAAAAAAAAAAAAAAAGgAAAAAACASggAICAAAAAAAI
AIgQgAAAAAAAAAAAAAEAAAAAAAAAAAAAAAAAAAAAAAAAAAAAAAAAAAAAAAAAAAAAAAAAAAAAAAAA
AA=="	Methylglyoxal
0	7409	CC(C1=CC=CC=C1)O	1-phenylethanol	"AAADccBwIAAAAAAAAAAAAAAAAAAAAAAAAAAwAAAAAAAAAAABAAAAGgAACAAADBSgmAIyAIAAAgCA
AiBCAAACAAAgAAAIiAAACIgINiKAERCAcAAkwAEImAeAwKAOAAAAAAAAAAAAAAAAAAAAAAAAAAAA
AA=="	1-Phenylethanol
0	11552	CC(C)CC=O	3-methylbutanal	"AAADccBgIAAAAAAAAAAAAAAAAAAAAAAAAAAAAAAAAAAAAAAAAAAAGgAAAAAADQCggAICAAAAAAAI
AAgQgAAAAAAAAAAAAAEAAAAAABAAAAAAAAAAAAAAAAAAAAAIAAAAAAAAAAAAAAAAAAAAAAAAAAAA
AA=="	3-Methylbutanal
0	637516	CC(C1=CC=CC=C1)O	(1R)-1-phenylethanol	"AAADccBwIAAAAAAAAAAAAAAAAAAAAAAAAAAwAAAAAAAAAAABAAAAGgAACAAADBSgmAIyAIAAAgCA
AiBCAAACAAAgAAAIiAAACIgINiKAERCAcAAkwAEImAeAwKAOAAAAAAAAAAAAAAAAAAAAAAAAAAAA
AA=="	(R)-1-phenylethanol
0	443135	CC(C1=CC=CC=C1)O	(1S)-1-phenylethanol	"AAADccBwIAAAAAAAAAAAAAAAAAAAAAAAAAAwAAAAAAAAAAABAAAAGgAACAAADBSgmAIyAIAAAgCA
AiBCAAACAAAgAAAIiAAACIgINiKAERCAcAAkwAEImAeAwKAOAAAAAAAAAAAAAAAAAAAAAAAAAAAA
AA=="	(S)-1-Phenylethanol
0	84682	CCC(C)O	(2R)-butan-2-ol	"AAADccBgIAAAAAAAAAAAAAAAAAAAAAAAAAAAAAAAAAAAAAAAAAAAGgAACAAACBSggAICAAAAAgAA
AAAAAAAAAAAAAAAAAAAAAAAAEAAAAAAAQAAAAAAAAAAAAAAAAAAAAAAAAAAAAAAAAAAAAAAAAAAA
AA=="	(R)-(-)-2-Butanol
0	6993810	CCCCC(C)O	(2R)-hexan-2-ol	"AAADccBgIAAAAAAAAAAAAAAAAAAAAAAAAAAAAAAAAAAAAAAAAAAAGgAACAAACBSggAICAAAAAgAA
AAAAAAAAAAAAAAAAAAAAAAAAEAIAAAAAQAAEAAAAAAGAAAAAAAAAAAAAAAAAAAAAAAAAAAAAAAAA
AA=="	(R)-(-)-2-Hexanol
0	444683	CCC(C)O	(2S)-butan-2-ol	"AAADccBgIAAAAAAAAAAAAAAAAAAAAAAAAAAAAAAAAAAAAAAAAAAAGgAACAAACBSggAICAAAAAgAA
AAAAAAAAAAAAAAAAAAAAAAAAEAAAAAAAQAAAAAAAAAAAAAAAAAAAAAAAAAAAAAAAAAAAAAAAAAAA
AA=="	(S)-(+)-2-butanol
0	2723888	CCCCCCC(C)O	(2S)-octan-2-ol	"AAADceBwIAAAAAAAAAAAAAAAAAAAAAAAAAAAAAAAAAAAAAAAAAAAGgAACAAACBSggAICAAAAAgAA
AAAAAAAAAAAAAAAAAAAAAAAAEAIAAAAAQAAEAAAAAAGAwKAAAAAAAAAAAAAAAAAAAAAAAAAAAAAA
AA=="	(S)-(+)-2-Octanol
0	92839	CC(COC1=CC=CC=C1)O	1-phenoxypropan-2-ol	"AAADccBwMAAAAAAAAAAAAAAAAAAAAAAAAAAwAAAAAAAAAAABAAAAGgAACAAACBSgkAIyBoAABgCA
ACBCAAACCAAgIAAIiAAGCIgNNiKEMRqCOCCkwBELqAeAQAAAAAAAAAAAAAAAAAAAAAAAAAAAAAAA
AA=="	1-Phenoxy-2-propanol
0	7410	CC(=O)C1=CC=CC=C1	1-phenylethanone	"AAADccBwIAAAAAAAAAAAAAAAAAAAAAAAAAAwAAAAAAAAAAABAAAAGgAAAAAADASAmAAyAIAAAACI
AqBSAAACAAAkAAAIiAEAAMgIIDKAFRCAIQAggAAIiYcIiICOAAAAAAAAAAAAAAAAAAAAAAAAAAAA
AA=="	Acetophenone
0	10920841	C1CC1C(=O)CBr	2-bromo-1-cyclopropylethanone	"AAADcYBgIAAAEAAAAAAAAAAAGAAAAAAAAAAAAAAAAAAAAAAAAAAAGgBAAAABTQSAgAAAAAAAAAAI
AIAQAAAAAAAAAAAAAAEAACAgABIAAAAAAAAAAAAAAAAAAAAIAAAAAAAAAAAAAAAAAAAAAAAAAAAA
AA=="	2-Bromo-1-cyclopropylethanone
0	168006	C1=CC(=CC(=C1)Cl)C(=O)CCl	2-chloro-1-(3-chlorophenyl)ethanone	"AAADcYBwIAAGAAAAAAAAAAAAAAAAAAAAAAAwAAAAAAAAAAABAAAAGgIAAAAADAeAmGAwAIAAAACI
AqBSAAACAAAkBQAIiAEAAshIIDKBFxCAIQAggAAIiYcIiICOAAAAIAAAAAAAAABAAAAAAAAAAAAA
AA=="	2,3'-Dichloroacetophenone
0	120248	C1=CC(=CC=C1C(=O)CCl)F	2-chloro-1-(4-fluorophenyl)ethanone	"AAADcYBwIQAEAAAAAAAAAAAAAAAAAAAAAAAwAAAAAAAAAAABAAAAGwIAAAAADAeAmEgwAIAAAACI
AqBSAAACAAAkAAAIiAEAAshIIDKBFRCAIQAggAAIiYcIiICOAAAAAAAAAAAAAAAAAAAAAAAAAAAA
AA=="	2-Chloro-4'-fluoroacetophenone
0	416252	C1=CC(=CN=C1)C(=O)CCl	2-chloro-1-pyridin-3-ylethanone	"AAADcYBiIAAEAAAAAAAAAAAAAAAAAAAAAAAsAAAAAAAAAAABgAAAHgIAAAAADAfBmkQ8gJIIEACo
ArB3RACCgCA1AiAI2CE4ZthIIPrBlZGEIYhggADIyccYAQAOAAAAAAAAAAAAAAAAAAAAAAAAAAAA
AA=="	2-Chloro-1-(pyridin-3-yl)ethanone
0	10757	C1=CC=C(C=C1)C(=O)CCl	2-chloro-1-phenylethanone	"AAADcYBwIAAEAAAAAAAAAAAAAAAAAAAAAAAwAAAAAAAAAAABAAAAGgIAAAAADAeAmEAwAIAAAACI
AqBSAAACAAAkAAAIiAEAAshIIDKBFRCAIQAggAAIiYcIiICOAAAAAAAAAAAAAAAAAAAAAAAAAAAA
AA=="	2-Chloroacetophenone
0	10601	CC(=O)C1CCOC1=O	3-acetyloxolan-2-one	"AAADccBgMAAAAAAAAAAAAAAAAAAAASAAAAAAAAAAAAAAAAAAAAAAGgAAAAAADQSggAICCAAABAAI
AICQCAAAAAAAAAAAAAEAAAAAABYIAAACAAAEIAAAAACCAAAKAAAAAAAAAAAAAAAAAAAAAAAAAAAA
AA=="	2-Acetylbutyrolactone
0	79993	CC(=O)CCCCl	5-chloropentan-2-one	"AAADccBgIAAEAAAAAAAAAAAAAAAAAAAAAAAAAAAAAAAAAAAAAAAAGgIAAAAACAeAgEACAAAAAAAI
AIAQAAAAAAAAAAAAAAEAAgAAABIBAAAAAAAAAAAAAAAAAAAAAAAAAAAAAAAAAAAAAAAAAAAAAAAA
AA=="	5-Chloro-2-pentanone
0	440030	CCOC(=O)CC(C)O	ethyl (3R)-3-hydroxybutanoate	"AAADccBgMAAAAAAAAAAAAAAAAAAAAAAAAAAAAAAAAAAAAAAAAAAAGgAACAAACBSggAICCAAABgAI
AACQCAAAAAAAAAAAAAEAAAAAEBQAAAACQAAFIAAAAAAAAAAAAAAAAAAAAAAAAAAAAAAAAAAAAAAA
AA=="	Ethyl (R)-3-hydroxybutyrate
0	6950306	CCOC(=O)CC(C)O	ethyl (3S)-3-hydroxybutanoate	"AAADccBgMAAAAAAAAAAAAAAAAAAAAAAAAAAAAAAAAAAAAAAAAAAAGgAACAAACBSggAICCAAABgAI
AACQCAAAAAAAAAAAAAEAAAAAEBQAAAACQAAFIAAAAAAAAAAAAAAAAAAAAAAAAAAAAAAAAAAAAAAA
AA=="	Ethyl (S)-3-hydroxybutyrate
0	7019277	CCOC(=O)CC(CCl)O	ethyl (3S)-4-chloro-3-hydroxybutanoate	"AAADccBgMAAEAAAAAAAAAAAAAAAAAAAAAAAAAAAAAAAAAAAAAAAAGgIACAAACBeggEICCAAABgAI
AACQCAAAAAAAAAAAAAEAAwAAEBQBAAACQAAFIAAAAAAAAAAAAAAAAAAAAAAAAAAAAAAAAAAAAAAA
AA=="	Ethyl s-4-chloro-3-hydroxybutyrate
0	11858	CCOC(=O)C(C(=O)C)Cl	ethyl 2-chloro-3-oxobutanoate	"AAADccBgMAAEAAAAAAAAAAAAAAAAAAAAAAAAAAAAAAAAAAAAAAAAGgIAAAAACAeggEICCAAABAAI
AICQCAAAAAAAAAAAAAEAAwBAABQIAAACAAAEIAAAAAAAAAAAAAAAAAAAAAAAAAAAAAAAAAAAAAAA
AA=="	Ethyl 2-chloroacetoacetate
0	69484	CCOC(=O)CC(=O)CCl	ethyl 4-chloro-3-oxobutanoate	"AAADccBgMAAEAAAAAAAAAAAAAAAAAAAAAAAAAAAAAAAAAAAAAAAAGgIAAAAACAeggEICCAAABAAI
AICQCAAAAAAAAAAAAAEAAgBAABQJAAACAAAEIAAAAAAAAAAAAAAAAAAAAAAAAAAAAAAAAAAAAAAA
AA=="	Ethyl 4-chloroacetoacetate
0	180	CC(=O)C	propan-2-one	"AAADcYBAIAAAAAAAAAAAAAAAAAAAAAAAAAAAAAAAAAAAAAAAAAAAGgAAAAAACASAgAACAAAAAAAI
AIAQAAAAAAAAAAAAAAAAAAAAAAAAAAAAAAAAAAAAAAAAAAAAAAAAAAAAAAAAAAAAAAAAAAAAAAAA
AA=="	Acetone
0	23286	C1CCC(C(C1)N)O	2-aminocyclohexan-1-ol	"AAADccBiIAAAAAAAAAAAAAAAAAAAAAAAAAAwAAAAAAAAAAAAAAAAHgAQCAAACDzhgAYAAABAAgAA
AAAAAAAAAAAAAAAAAIAAAAACEAIAgAAAQAAEEAAAAAGQQAAAAAAAAAAAAAAAAAAAAAAgAAAAAAAA
AA=="	2-Aminocyclohexanol
0	439888	CC(C(C)O)O	(2S,3S)-butane-2,3-diol	"AAADccBgMAAAAAAAAAAAAAAAAAAAAAAAAAAAAAAAAAAAAAAAAAAAGgAACAAACBSggAICAAAAAgAA
AAAAAAAAAAAAAAAAAAAAAAABEAAAAAAAQAAAAAABAAAAAAAAAAAAAAAAAAAAAAAAAAAAAAAAAAAA
AA=="	(2S,3S)-butane-2,3-diol
0	220010	CC(C(C)O)O	(2R,3S)-butane-2,3-diol	"AAADccBgMAAAAAAAAAAAAAAAAAAAAAAAAAAAAAAAAAAAAAAAAAAAGgAACAAACBSggAICAAAAAgAA
AAAAAAAAAAAAAAAAAAAAAAABEAAAAAAAQAAAAAABAAAAAAAAAAAAAAAAAAAAAAAAAAAAAAAAAAAA
AA=="	meso-2,3-Butanediol
0	439888	CC(C(C)O)O	(2S,3S)-butane-2,3-diol	"AAADccBgMAAAAAAAAAAAAAAAAAAAAAAAAAAAAAAAAAAAAAAAAAAAGgAACAAACBSggAICAAAAAgAA
AAAAAAAAAAAAAAAAAAAAAAABEAAAAAAAQAAAAAABAAAAAAAAAAAAAAAAAAAAAAAAAAAAAAAAAAAA
AA=="	(2S,3S)-butane-2,3-diol
0	7147	CCC(C1=CC=CC=C1)O	1-phenylpropan-1-ol	"AAADccBwIAAAAAAAAAAAAAAAAAAAAAAAAAAwAAAAAAAAAAABAAAAGgAACAAADBSgmAIyAIAAAgCA
AiBCAAACAAAgAAAIiAAACIgINiKAERCAcAAkwAEImAeAwKAOAAAAAAAAAAAAAAAAAAAAAAAAAAAA
AA=="	1-Phenyl-1-propanol
0	12041	CCOC(=O)C(=O)C	ethyl 2-oxopropanoate	"AAADccBgMAAAAAAAAAAAAAAAAAAAAAAAAAAAAAAAAAAAAAAAAAAAGgAAAAAACASggAICCAAABAAI
AICQCAIAAAAAAAAAAAFAAAAAAAAAAAQCAAAAAAAAAAAAAAAAAAAAAAAAAAAAAAAAAAAAAAAAAAAA
AA=="	Ethyl pyruvate
